x,y,z,phase,vx,vy,vz
-3.0228,-2.0257,0.106,0,0.0,0.1957,0.1
-2.837,-1.9823,0.0845,0,0.0,-0.186,0.1
-2.662,-1.9917,0.1207,0,0.0,-0.1414,0.1
-2.4389,-1.9935,0.1067,0,0.0,0.0765,0.1
-2.2953,-2.0052,0.0897,0,0.0,-0.0836,0.1
-2.0871,-1.9707,0.0829,0,0.0,0.014,0.1
-1.8917,-2.0206,0.1278,0,0.0,-0.1917,0.1
-1.7608,-1.9763,0.0798,0,0.0,0.1412,0.1
-1.5613,-2.0267,0.1167,0,0.0,-0.1678,0.1
-1.3875,-2.0245,0.107,0,0.0,0.0906,0.1
-1.2107,-1.9954,0.0866,0,0.0,-0.1766,0.1
-1.0181,-1.9984,0.1235,0,0.0,-0.1607,0.1
-0.848,-2.0093,0.1011,0,0.0,0.011,0.1
-0.6478,-1.9941,0.1,0,0.0,0.1594,0.1
-0.4712,-1.9731,0.1291,0,0.0,0.0515,0.1
-0.3199,-1.9787,0.1231,0,0.0,0.0016,0.1
-0.1429,-2.0187,0.1187,0,0.0,0.0885,0.1
0.0331,-2.0251,0.0716,0,0.0099,-0.0832,0.1
0.2274,-1.9736,0.0773,0,0.0682,0.0426,0.1
0.4298,-1.9886,0.0972,0,0.1289,0.039,0.1
-3.0089,-1.8048,0.1039,0,0.0,0.0761,0.1
-2.8402,-1.787,0.0881,0,0.0,0.1632,0.1
-2.6558,-1.7958,0.0905,0,0.0,0.188,0.1
-2.4731,-1.8015,0.1023,0,0.0,0.039,0.1
-2.297,-1.8098,0.085,0,0.0,0.0006,0.1
-2.0819,-1.8129,0.0852,0,0.0,0.1734,0.1
-1.8961,-1.7751,0.0855,0,0.0,0.1585,0.1
-1.7496,-1.773,0.1244,0,0.0,0.1336,0.1
-1.5495,-1.8172,0.099,0,0.0,-0.0229,0.1
-1.381,-1.7831,0.1129,0,0.0,0.0616,0.1
-1.216,-1.7819,0.0855,0,0.0,0.0271,0.1
-1.0161,-1.7779,0.1279,0,0.0,0.1098,0.1
-0.855,-1.7898,0.0831,0,0.0,0.1201,0.1
-0.6451,-1.8024,0.0812,0,0.0,0.0573,0.1
-0.4771,-1.7939,0.1272,0,0.0,0.1088,0.1
-0.2777,-1.827,0.1013,0,0.0,-0.1054,0.1
-0.1264,-1.7979,0.0768,0,0.0,-0.0492,0.1
0.048,-1.783,0.0751,0,0.0144,-0.104,0.1
0.2665,-1.7895,0.0842,0,0.08,-0.1207,0.1
0.4077,-1.8268,0.1041,0,0.1223,0.1614,0.1
-2.9985,-1.587,0.0731,0,0.0,0.1832,0.1
-2.8021,-1.6085,0.0809,0,0.0,-0.1931,0.1
-2.623,-1.5847,0.1084,0,0.0,-0.0277,0.1
-2.4424,-1.6064,0.1022,0,0.0,-0.0406,0.1
-2.2535,-1.5894,0.126,0,0.0,0.0842,0.1
-2.1281,-1.5745,0.1157,0,0.0,0.1671,0.1
-1.9492,-1.5826,0.0749,0,0.0,0.1072,0.1
-1.7228,-1.5781,0.1102,0,0.0,-0.0031,0.1
-1.5643,-1.6292,0.1121,0,0.0,0.0843,0.1
-1.3847,-1.5816,0.0844,0,0.0,-0.1819,0.1
-1.2181,-1.6139,0.0836,0,0.0,-0.0703,0.1
-1.0349,-1.594,0.1212,0,0.0,0.0975,0.1
-0.8184,-1.6228,0.0814,0,0.0,-0.1743,0.1
-0.6799,-1.6003,0.0817,0,0.0,-0.1712,0.1
-0.4658,-1.6085,0.0975,0,0.0,-0.1585,0.1
-0.3171,-1.6003,0.1255,0,0.0,0.0655,0.1
-0.0924,-1.5967,0.0976,0,0.0,0.0835,0.1
0.0325,-1.5929,0.0897,0,0.0098,0.1702,0.1
0.2432,-1.6124,0.0988,0,0.073,-0.1382,0.1
0.4416,-1.6165,0.1009,0,0.1325,0.1341,0.1
-3.03,-1.3908,0.1158,0,0.0,0.1884,0.1
-2.828,-1.3809,0.0957,0,0.0,0.017,0.1
-2.6468,-1.3921,0.11,0,0.0,-0.1788,0.1
-2.4752,-1.4158,0.0901,0,0.0,0.1158,0.1
-2.2915,-1.3705,0.1218,0,0.0,-0.0962,0.1
-2.1224,-1.3772,0.0827,0,0.0,-0.0178,0.1
-1.896,-1.3876,0.0823,0,0.0,0.103,0.1
-1.7662,-1.4034,0.1267,0,0.0,-0.0787,0.1
-1.5595,-1.3893,0.0758,0,0.0,0.036,0.1
-1.3769,-1.4221,0.1207,0,0.0,-0.095,0.1
-1.1802,-1.4158,0.0705,0,0.0,-0.0473,0.1
-0.9999,-1.4279,0.0707,0,0.0,0.1507,0.1
-0.8379,-1.3734,0.1166,0,0.0,-0.0004,0.1
-0.6708,-1.4109,0.0799,0,0.0,0.0688,0.1
-0.4774,-1.4106,0.0906,0,0.0,-0.122,0.1
-0.313,-1.372,0.1082,0,0.0,0.1513,0.1
-0.1467,-1.3966,0.116,0,0.0,-0.1136,0.1
0.0637,-1.3759,0.1061,0,0.0191,-0.1225,0.1
0.2423,-1.4179,0.0929,0,0.0727,-0.0336,0.1
0.406,-1.3812,0.0766,0,0.1218,-0.0532,0.1
-3.0232,-1.1746,0.1279,0,0.0,-0.1547,0.1
-2.8327,-1.175,0.092,0,0.0,-0.1915,0.1
-2.6106,-1.1855,0.0897,0,0.0,0.1778,0.1
-2.437,-1.2148,0.0805,0,0.0,0.1727,0.1
-2.2508,-1.1822,0.1188,0,0.0,0.0928,0.1
-2.0809,-1.1991,0.1026,0,0.0,0.1546,0.1
-1.897,-1.216,0.1178,0,0.0,-0.1911,0.1
-1.7346,-1.173,0.1289,0,0.0,0.1227,0.1
-1.5432,-1.2226,0.0909,0,0.0,0.1639,0.1
-1.3615,-1.1969,0.1049,0,0.0,-0.0011,0.1
-1.1916,-1.2138,0.1029,0,0.0,0.142,0.1
-1.0098,-1.202,0.0939,0,0.0,-0.0805,0.1
-0.8684,-1.1958,0.1045,0,0.0,-0.1323,0.1
-0.635,-1.1942,0.1122,0,0.0,-0.0531,0.1
-0.4627,-1.2223,0.0777,0,0.0,-0.059,0.1
-0.2995,-1.1773,0.0954,0,0.0,0.0369,0.1
-0.1397,-1.2028,0.0863,0,0.0,0.066,0.1
0.0371,-1.2223,0.0905,0,0.0111,0.0759,0.1
0.2491,-1.1994,0.0911,0,0.0747,0.1723,0.1
0.4297,-1.2153,0.096,0,0.1289,-0.0274,0.1
-3.009,-0.9926,0.0968,0,0.0,0.0162,0.1
-2.8215,-0.9812,0.0963,0,0.0,0.0937,0.1
-2.6615,-1.0297,0.0795,0,0.0,0.0949,0.1
-2.4513,-1.0253,0.0846,0,0.0,0.1294,0.1
-2.2872,-0.9758,0.0809,0,0.0,-0.1549,0.1
-2.1224,-0.9735,0.1124,0,0.0,0.0261,0.1
-1.9452,-0.997,0.082,0,0.0,-0.0733,0.1
-1.7155,-1.0156,0.0832,0,0.0,-0.1577,0.1
-1.5511,-1.0219,0.1038,0,0.0,0.1441,0.1
-1.3698,-0.9758,0.0902,0,0.0,-0.0875,0.1
-1.2227,-0.9761,0.1253,0,0.0,0.0622,0.1
-1.0286,-0.983,0.1188,0,0.0,0.1862,0.1
-0.8206,-0.9858,0.124,0,0.0,-0.0737,0.1
-0.6457,-1.0154,0.0982,0,0.0,-0.1614,0.1
-0.4974,-0.9945,0.1169,0,0.0,0.001,0.1
-0.3119,-1.0136,0.0984,0,0.0,-0.1652,0.1
-0.1363,-0.9908,0.1022,0,0.0,-0.135,0.1
0.072,-0.9967,0.0871,0,0.0216,0.116,0.1
0.2191,-1.0071,0.1255,0,0.0657,0.1773,0.1
0.4193,-0.9898,0.0776,0,0.1258,0.0397,0.1
-2.9723,-0.782,0.0945,0,0.0,-0.0364,0.1
-2.8462,-0.8185,0.076,0,0.0,-0.1782,0.1
-2.6326,-0.7925,0.0887,0,0.0,0.1125,0.1
-2.4743,-0.8272,0.0821,0,0.0,0.017,0.1
-2.2691,-0.7846,0.0797,0,0.0,0.0078,0.1
-2.1047,-0.7755,0.0794,0,0.0,0.1969,0.1
-1.9426,-0.7962,0.0769,0,0.0,0.053,0.1
-1.7389,-0.7914,0.1175,0,0.0,0.0699,0.1
-1.578,-0.7772,0.0989,0,0.0,-0.0915,0.1
-1.3923,-0.7955,0.0737,0,0.0,-0.0029,0.1
-1.2239,-0.7812,0.1203,0,0.0,0.0595,0.1
-1.0429,-0.8034,0.1169,0,0.0,-0.0938,0.1
-0.8163,-0.7793,0.1216,0,0.0,0.0804,0.1
-0.6351,-0.817,0.1092,0,0.0,-0.1071,0.1
-0.4875,-0.7723,0.1294,0,0.0,0.086,0.1
-0.3045,-0.7821,0.0903,0,0.0,0.14,0.1
-0.1031,-0.7982,0.0969,0,0.0,0.0822,0.1
0.0729,-0.779,0.1133,0,0.0219,-0.1894,0.1
0.2245,-0.7796,0.0778,0,0.0673,0.1455,0.1
0.3923,-0.7888,0.1033,0,0.1177,-0.1834,0.1
-3.025,-0.5711,0.0747,0,0.0,-0.0368,0.1
-2.8125,-0.6017,0.0818,0,0.0,-0.0203,0.1
-2.6685,-0.5775,0.0988,0,0.0,0.0484,0.1
-2.4369,-0.5878,0.1017,0,0.0,-0.0655,0.1
-2.3039,-0.6046,0.1005,0,0.0,0.0733,0.1
-2.1291,-0.5899,0.0884,0,0.0,0.1946,0.1
-1.9113,-0.6118,0.0864,0,0.0,0.1469,0.1
-1.7544,-0.6111,0.0731,0,0.0,0.0811,0.1
-1.5858,-0.6012,0.1042,0,0.0,-0.1109,0.1
-1.3931,-0.6068,0.1051,0,0.0,-0.0827,0.1
-1.2025,-0.6251,0.0811,0,0.0,0.1532,0.1
-1.001,-0.5815,0.1294,0,0.0,-0.0014,0.1
-0.8659,-0.6136,0.0711,0,0.0,-0.1305,0.1
-0.6554,-0.6099,0.0886,0,0.0,-0.0359,0.1
-0.4649,-0.6082,0.1068,0,0.0,0.1182,0.1
-0.2854,-0.582,0.1271,0,0.0,0.121,0.1
-0.0926,-0.5909,0.0728,0,0.0,-0.0301,0.1
0.0801,-0.6271,0.1024,0,0.024,0.04,0.1
0.2311,-0.6226,0.1181,0,0.0693,0.0066,0.1
0.4006,-0.5773,0.1215,0,0.1202,0.0736,0.1
-2.9793,-0.3902,0.0796,0,0.0,-0.0887,0.1
-2.8461,-0.4032,0.0851,0,0.0,0.0456,0.1
-2.6391,-0.4225,0.0823,0,0.0,-0.1979,0.1
-2.4595,-0.4243,0.0702,0,0.0,0.0071,0.1
-2.2548,-0.4089,0.1032,0,0.0,-0.013,0.1
-2.1011,-0.4003,0.084,0,0.0,-0.0727,0.1
-1.9178,-0.4198,0.1271,0,0.0,0.1813,0.1
-1.7254,-0.4155,0.1236,0,0.0,0.0627,0.1
-1.5495,-0.3814,0.1077,0,0.0,0.0868,0.1
-1.3564,-0.4219,0.0875,0,0.0,-0.1146,0.1
-1.1763,-0.3806,0.0771,0,0.0,-0.1486,0.1
-1.006,-0.4178,0.1166,0,0.0,0.1181,0.1
-0.8529,-0.3787,0.0796,0,0.0,-0.142,0.1
-0.6711,-0.3948,0.122,0,0.0,-0.0776,0.1
-0.5055,-0.4031,0.0985,0,0.0,0.1905,0.1
-0.2846,-0.4101,0.0893,0,0.0,-0.0653,0.1
-0.1276,-0.3899,0.0884,0,0.0,-0.1035,0.1
0.0794,-0.3889,0.0913,0,0.0238,0.0488,0.1
0.2234,-0.4098,0.1091,0,0.067,0.0478,0.1
0.3967,-0.4227,0.1165,0,0.119,0.0847,0.1
-3.0069,-0.2147,0.1094,0,0.0,-0.1868,0.1
-2.8025,-0.2187,0.1226,0,0.0,-0.1071,0.1
-2.6177,-0.2288,0.123,0,0.0,-0.1554,0.1
-2.4363,-0.2016,0.0868,0,0.0,-0.0245,0.1
-2.2621,-0.2172,0.1198,0,0.0,0.0836,0.1
-2.1127,-0.186,0.0775,0,0.0,-0.0774,0.1
-1.9121,-0.2246,0.0799,0,0.0,-0.121,0.1
-1.7456,-0.2253,0.1077,0,0.0,0.1317,0.1
-1.5852,-0.1746,0.0907,0,0.0,0.1689,0.1
-1.3504,-0.2133,0.1278,0,0.0,-0.0535,0.1
-1.1807,-0.2062,0.0911,0,0.0,-0.0506,0.1
-1.0164,-0.2104,0.1288,0,0.0,-0.1556,0.1
-0.8404,-0.1998,0.0926,0,0.0,-0.0379,0.1
-0.6532,-0.2235,0.1248,0,0.0,-0.0937,0.1
-0.4765,-0.1853,0.0777,0,0.0,-0.196,0.1
-0.3156,-0.1963,0.0828,0,0.0,-0.1583,0.1
-0.1409,-0.1962,0.0727,0,0.0,0.0233,0.1
0.0667,-0.1809,0.1085,0,0.02,0.1398,0.1
0.2254,-0.1738,0.0792,0,0.0676,-0.1633,0.1
0.422,-0.198,0.1269,0,0.1266,0.1387,0.1
-2.9941,-0.0112,0.0769,0,0.0,0.1153,0.1
-2.8127,-0.0236,0.1274,0,0.0,-0.1319,0.1
-2.6357,-0.0002,0.1287,0,0.0,0.1411,0.1
-2.4626,0.0171,0.1024,0,0.0,-0.0815,0.1
-2.2523,-0.0164,0.1024,0,0.0,0.1733,0.1
-2.0977,0.0068,0.1021,0,0.0,-0.1939,0.1
-1.92,0.025,0.0874,0,0.0,0.1554,0.1
-1.7366,0.0006,0.0713,0,0.0,-0.0113,0.1
-1.5356,-0.005,0.0852,0,0.0,0.0062,0.1
-1.3556,0.0179,0.1125,0,0.0,0.0313,0.1
-1.1762,0.024,0.0811,0,0.0,-0.1664,0.1
-0.9918,0.0134,0.0763,0,0.0,-0.009,0.1
-0.849,0.0111,0.1295,0,0.0,0.1129,0.1
-0.6749,0.0296,0.0714,0,0.0,0.0141,0.1
-0.4505,-0.0026,0.1143,0,0.0,-0.1494,0.1
-0.2711,0.0224,0.1123,0,0.0,-0.081,0.1
-0.1385,-0.0229,0.091,0,0.0,-0.0334,0.1
0.0876,0.0197,0.1075,0,0.0263,0.1007,0.1
0.2365,0.0043,0.1264,0,0.071,0.1164,0.1
0.4107,0.0259,0.0835,0,0.1232,0.1655,0.1
-3.0091,0.1854,0.0835,0,0.0,0.1402,0.1
-2.8483,0.2114,0.1219,0,0.0,0.1177,0.1
-2.631,0.2279,0.1188,0,0.0,-0.0842,0.1
-2.4587,0.2099,0.1094,0,0.0,-0.0916,0.1
-2.2508,0.2033,0.0959,0,0.0,-0.0807,0.1
-2.1067,0.1965,0.1282,0,0.0,0.1427,0.1
-1.8995,0.1987,0.1208,0,0.0,-0.0102,0.1
-1.7303,0.2298,0.1218,0,0.0,-0.1776,0.1
-1.5682,0.2248,0.1062,0,0.0,0.1624,0.1
-1.3596,0.1934,0.1021,0,0.0,-0.0099,0.1
-1.1969,0.2223,0.1037,0,0.0,-0.1795,0.1
-1.0073,0.1867,0.0804,0,0.0,-0.1253,0.1
-0.8612,0.1893,0.0884,0,0.0,0.079,0.1
-0.6621,0.1921,0.1256,0,0.0,0.0759,0.1
-0.5091,0.1854,0.1126,0,0.0,0.1112,0.1
-0.2875,0.1826,0.0872,0,0.0,-0.1395,0.1
-0.1416,0.1745,0.1165,0,0.0,0.1862,0.1
0.0384,0.182,0.0785,0,0.0115,-0.1476,0.1
0.2296,0.1738,0.0953,0,0.0689,0.0401,0.1
0.4226,0.2059,0.0817,0,0.1268,-0.1674,0.1
-2.9808,0.405,0.118,0,0.0,0.1296,0.1
-2.8207,0.4125,0.0914,0,0.0,0.1999,0.1
-2.6648,0.4078,0.1083,0,0.0,-0.0725,0.1
-2.4641,0.3771,0.103,0,0.0,-0.1849,0.1
-2.2538,0.403,0.1254,0,0.0,0.0892,0.1
-2.074,0.4074,0.108,0,0.0,-0.1204,0.1
-1.9387,0.3711,0.108,0,0.0,0.1485,0.1
-1.7423,0.4001,0.0821,0,0.0,0.0998,0.1
-1.5503,0.4109,0.0924,0,0.0,0.1671,0.1
-1.3555,0.3907,0.0922,0,0.0,0.0238,0.1
-1.171,0.3927,0.1137,0,0.0,0.0085,0.1
-1.0032,0.4116,0.0934,0,0.0,0.0153,0.1
-0.8653,0.3952,0.1094,0,0.0,0.1841,0.1
-0.6628,0.3998,0.111,0,0.0,0.1579,0.1
-0.4609,0.4146,0.1243,0,0.0,-0.0215,0.1
-0.317,0.3724,0.0887,0,0.0,0.1885,0.1
-0.1059,0.3902,0.1148,0,0.0,-0.1059,0.1
0.0761,0.3718,0.0743,0,0.0228,0.1921,0.1
0.2118,0.3814,0.1004,0,0.0635,0.0176,0.1
0.4206,0.3737,0.1109,0,0.1262,-0.054,0.1
-3.0112,0.5952,0.1241,0,0.0,0.0801,0.1
-2.8461,0.5966,0.1164,0,0.0,-0.1362,0.1
-2.6164,0.5837,0.1091,0,0.0,-0.0452,0.1
-2.4519,0.6168,0.1109,0,0.0,0.0225,0.1
-2.2778,0.5748,0.0853,0,0.0,-0.0019,0.1
-2.0795,0.5864,0.0875,0,0.0,-0.0427,0.1
-1.9014,0.6062,0.0702,0,0.0,-0.1963,0.1
-1.7195,0.5867,0.0801,0,0.0,0.076,0.1
-1.5872,0.6027,0.1152,0,0.0,-0.068,0.1
-1.3848,0.5925,0.1212,0,0.0,-0.1121,0.1
-1.1876,0.5984,0.0825,0,0.0,-0.1021,0.1
-1.0178,0.6216,0.0888,0,0.0,-0.1278,0.1
-0.8375,0.5969,0.0706,0,0.0,0.0592,0.1
-0.6671,0.5779,0.0778,0,0.0,-0.0588,0.1
-0.4889,0.5786,0.0833,0,0.0,-0.0679,0.1
-0.3238,0.5768,0.0835,0,0.0,-0.1641,0.1
-0.1131,0.6231,0.11,0,0.0,-0.0778,0.1
0.0791,0.5879,0.1135,0,0.0237,0.1036,0.1
0.2126,0.5739,0.102,0,0.0638,0.1419,0.1
0.4443,0.6253,0.0749,0,0.1333,0.1632,0.1
-2.9834,0.7958,0.0965,0,0.0,0.0824,0.1
-2.8066,0.8027,0.1205,0,0.0,0.1384,0.1
-2.6509,0.8115,0.1242,0,0.0,-0.1937,0.1
-2.4403,0.7839,0.0935,0,0.0,0.0206,0.1
-2.2771,0.8276,0.1281,0,0.0,-0.1172,0.1
-2.0808,0.771,0.0948,0,0.0,-0.0064,0.1
-1.9171,0.7762,0.074,0,0.0,-0.1825,0.1
-1.7204,0.7757,0.0795,0,0.0,0.1502,0.1
-1.5759,0.7847,0.1104,0,0.0,-0.196,0.1
-1.3537,0.7779,0.1028,0,0.0,0.1755,0.1
-1.1716,0.8115,0.0726,0,0.0,-0.197,0.1
-0.9995,0.7762,0.1026,0,0.0,0.1819,0.1
-0.8608,0.8105,0.0885,0,0.0,-0.1267,0.1
-0.6317,0.7969,0.0934,0,0.0,0.1195,0.1
-0.4983,0.8161,0.0899,0,0.0,0.0988,0.1
-0.3,0.8143,0.0924,0,0.0,-0.0534,0.1
-0.1302,0.8298,0.0721,0,0.0,-0.0448,0.1
0.054,0.804,0.0846,0,0.0162,0.0338,0.1
0.2684,0.7841,0.1059,0,0.0805,-0.1597,0.1
0.4378,0.7917,0.0891,0,0.1313,0.0723,0.1
-3.0145,1.016,0.1061,0,0.0,-0.1309,0.1
-2.8256,1.0171,0.1012,0,0.0,0.0995,0.1
-2.6233,1.0115,0.0741,0,0.0,-0.1395,0.1
-2.4802,1.0264,0.0823,0,0.0,-0.177,0.1
-2.2663,1.0085,0.1008,0,0.0,-0.0135,0.1
-2.0937,0.9863,0.121,0,0.0,-0.0656,0.1
-1.9082,0.9936,0.0997,0,0.0,0.0266,0.1
-1.7661,0.972,0.105,0,0.0,0.0596,0.1
-1.5896,0.9876,0.118,0,0.0,0.1769,0.1
-1.3962,1.0202,0.111,0,0.0,0.0197,0.1
-1.1968,0.9732,0.097,0,0.0,-0.1723,0.1
-1.0062,1.0152,0.0721,0,0.0,0.1398,0.1
-0.8365,1.0133,0.1291,0,0.0,0.1963,0.1
-0.6527,0.9905,0.1047,0,0.0,0.198,0.1
-0.463,1.004,0.0973,0,0.0,0.1334,0.1
-0.328,1.0015,0.0829,0,0.0,0.1445,0.1
-0.114,0.9934,0.0852,0,0.0,-0.0396,0.1
0.0763,1.0246,0.08,0,0.0229,0.1669,0.1
0.2402,1.0158,0.1183,0,0.0721,-0.0665,0.1
0.4074,0.9711,0.0952,0,0.1222,0.1537,0.1
-2.9943,1.2231,0.0995,0,0.0,0.099,0.1
-2.8302,1.2137,0.1177,0,0.0,-0.0198,0.1
-2.6313,1.1772,0.071,0,0.0,0.1289,0.1
-2.4713,1.2258,0.1078,0,0.0,0.0848,0.1
-2.2795,1.2227,0.1078,0,0.0,-0.1432,0.1
-2.0874,1.2288,0.1171,0,0.0,-0.0246,0.1
-1.9369,1.1778,0.0721,0,0.0,-0.0516,0.1
-1.7236,1.2154,0.084,0,0.0,0.1573,0.1
-1.5751,1.1975,0.1015,0,0.0,-0.1511,0.1
-1.3712,1.1768,0.1244,0,0.0,-0.0421,0.1
-1.1861,1.2162,0.1205,0,0.0,-0.1753,0.1
-1.0386,1.2067,0.0901,0,0.0,0.0099,0.1
-0.812,1.1949,0.1274,0,0.0,0.0669,0.1
-0.6562,1.2107,0.0829,0,0.0,0.1345,0.1
-0.4967,1.196,0.1158,0,0.0,-0.1422,0.1
-0.3112,1.2258,0.1202,0,0.0,-0.0369,0.1
-0.1399,1.1738,0.0907,0,0.0,0.1563,0.1
0.0391,1.2234,0.0856,0,0.0117,0.149,0.1
0.2551,1.1864,0.1223,0,0.0765,0.0361,0.1
0.4212,1.208,0.1143,0,0.1264,0.0895,0.1
-3.0211,1.4003,0.0967,0,0.0,-0.131,0.1
-2.8374,1.3999,0.1281,0,0.0,-0.1387,0.1
-2.6277,1.4101,0.0705,0,0.0,0.0779,0.1
-2.4838,1.419,0.0766,0,0.0,0.0111,0.1
-2.2724,1.4004,0.0915,0,0.0,0.1544,0.1
-2.1233,1.3799,0.126,0,0.0,-0.1393,0.1
-1.9409,1.4056,0.0931,0,0.0,-0.1289,0.1
-1.7642,1.3865,0.0924,0,0.0,-0.1579,0.1
-1.5792,1.4174,0.1019,0,0.0,-0.1867,0.1
-1.3719,1.3753,0.1237,0,0.0,-0.0339,0.1
-1.1899,1.3916,0.0812,0,0.0,0.0367,0.1
-1.0277,1.3706,0.1225,0,0.0,0.0611,0.1
-0.8498,1.4111,0.1087,0,0.0,-0.1408,0.1
-0.6727,1.3702,0.1149,0,0.0,-0.0071,0.1
-0.5096,1.4279,0.1053,0,0.0,-0.0779,0.1
-0.3026,1.3708,0.0901,0,0.0,-0.0859,0.1
-0.0924,1.3908,0.0877,0,0.0,-0.1464,0.1
0.0493,1.3903,0.0976,0,0.0148,-0.0404,0.1
0.2314,1.3952,0.1046,0,0.0694,-0.1892,0.1
0.4034,1.3844,0.0749,0,0.121,-0.0087,0.1
-2.973,1.6269,0.0856,0,0.0,-0.0445,0.1
-2.8034,1.5953,0.1021,0,0.0,-0.1861,0.1
-2.6495,1.614,0.0879,0,0.0,-0.1742,0.1
-2.4312,1.6204,0.0907,0,0.0,-0.1226,0.1
-2.2513,1.6207,0.0887,0,0.0,0.1398,0.1
-2.1053,1.5836,0.1188,0,0.0,0.0007,0.1
-1.9287,1.5811,0.1274,0,0.0,0.1352,0.1
-1.7302,1.614,0.1136,0,0.0,0.0695,0.1
-1.5651,1.6212,0.0915,0,0.0,-0.1617,0.1
-1.3942,1.5928,0.0746,0,0.0,0.1188,0.1
-1.1714,1.5919,0.1099,0,0.0,0.1768,0.1
-1.0187,1.6098,0.0849,0,0.0,0.0471,0.1
-0.8271,1.6103,0.0827,0,0.0,0.0313,0.1
-0.6514,1.6261,0.117,0,0.0,-0.0051,0.1
-0.4791,1.6131,0.1172,0,0.0,-0.0511,0.1
-0.3298,1.6236,0.0715,0,0.0,-0.1003,0.1
-0.1255,1.6038,0.0929,0,0.0,-0.0727,0.1
0.0549,1.6279,0.1189,0,0.0165,0.0029,0.1
0.2411,1.5811,0.073,0,0.0723,0.0404,0.1
0.4169,1.5886,0.11,0,0.1251,-0.1665,0.1
-2.9882,1.8099,0.0713,0,0.0,-0.1952,0.1
-2.818,1.7963,0.106,0,0.0,-0.1657,0.1
-2.6651,1.7875,0.1029,0,0.0,0.1001,0.1
-2.4357,1.7729,0.0714,0,0.0,0.1532,0.1
-2.3006,1.7989,0.0731,0,0.0,0.1184,0.1
-2.0961,1.8127,0.1011,0,0.0,0.032,0.1
-1.8981,1.8263,0.13,0,0.0,-0.1814,0.1
-1.7496,1.79,0.1092,0,0.0,-0.1299,0.1
-1.5397,1.7734,0.0887,0,0.0,0.1572,0.1
-1.4028,1.788,0.1028,0,0.0,0.1125,0.1
-1.1896,1.8229,0.1096,0,0.0,0.0692,0.1
-1.0206,1.7757,0.0885,0,0.0,-0.1427,0.1
-0.8386,1.8041,0.1219,0,0.0,-0.1523,0.1
-0.6757,1.7738,0.0773,0,0.0,-0.1046,0.1
-0.4844,1.8265,0.1237,0,0.0,0.1603,0.1
-0.3113,1.822,0.0716,0,0.0,-0.0915,0.1
-0.1135,1.8255,0.0908,0,0.0,0.0275,0.1
0.0803,1.8228,0.1109,0,0.0241,-0.147,0.1
0.2571,1.8055,0.083,0,0.0771,0.0283,0.1
0.3933,1.8048,0.0873,0,0.118,-0.1845,0.1
-2.9707,-1.9807,0.2941,0,0.0,-0.027,0.1
-2.818,-1.9724,0.3084,0,0.0,-0.094,0.1
-2.6377,-1.9969,0.2651,0,0.0,-0.0324,0.1
-2.4445,-2.0197,0.2872,0,0.0,-0.1938,0.1
-2.2979,-1.9705,0.2812,0,0.0,-0.1098,0.1
-2.1293,-2.0146,0.2846,0,0.0,-0.1888,0.1
-1.9219,-2.0135,0.2581,0,0.0,-0.1212,0.1
-1.7185,-1.9891,0.2929,0,0.0,-0.0621,0.1
-1.5326,-2.0004,0.2826,0,0.0,-0.1212,0.1
-1.3939,-1.9828,0.283,0,0.0,0.1661,0.1
-1.1741,-1.9879,0.3025,0,0.0,-0.1642,0.1
-1.0428,-1.9804,0.29,0,0.0,-0.1302,0.1
-0.8208,-2.0252,0.2643,0,0.0,-0.0183,0.1
-0.666,-1.9921,0.2961,0,0.0,-0.0728,0.1
-0.4799,-1.9953,0.2989,0,0.0,-0.0624,0.1
-0.2885,-2.0125,0.2576,0,0.0,0.1771,0.1
-0.0932,-2.0012,0.2717,0,0.0,0.0538,0.1
0.0418,-2.0196,0.3023,0,0.0125,0.161,0.1
0.2361,-1.9763,0.284,0,0.0708,-0.0645,0.1
0.401,-1.9867,0.2631,0,0.1203,0.1465,0.1
-2.994,-1.8169,0.3018,0,0.0,-0.161,0.1
-2.8051,-1.7981,0.2638,0,0.0,-0.1108,0.1
-2.6677,-1.804,0.3055,0,0.0,0.1922,0.1
-2.4322,-1.8218,0.2544,0,0.0,-0.0329,0.1
-2.3038,-1.7722,0.2668,0,0.0,0.0567,0.1
-2.0918,-1.8004,0.2564,0,0.0,-0.1689,0.1
-1.9356,-1.7736,0.2807,0,0.0,0.0928,0.1
-1.7668,-1.7879,0.262,0,0.0,-0.1678,0.1
-1.5476,-1.7927,0.2647,0,0.0,0.0301,0.1
-1.4082,-1.7973,0.2798,0,0.0,-0.1997,0.1
-1.1855,-1.7702,0.2978,0,0.0,-0.1379,0.1
-1.0237,-1.7757,0.2704,0,0.0,0.1204,0.1
-0.8624,-1.8101,0.286,0,0.0,0.148,0.1
-0.6672,-1.7794,0.2601,0,0.0,-0.0681,0.1
-0.4942,-1.8249,0.2575,0,0.0,0.0344,0.1
-0.3192,-1.8208,0.2665,0,0.0,0.0213,0.1
-0.1331,-1.8197,0.2539,0,0.0,-0.0502,0.1
0.0818,-1.7845,0.2548,0,0.0245,0.1183,0.1
0.265,-1.8127,0.3015,0,0.0795,-0.143,0.1
0.4253,-1.8127,0.2968,0,0.1276,-0.1173,0.1
-3.0278,-1.6299,0.2794,0,0.0,-0.0365,0.1
-2.8384,-1.583,0.2809,0,0.0,-0.1841,0.1
-2.6108,-1.6192,0.2947,0,0.0,-0.0435,0.1
-2.4493,-1.6066,0.2687,0,0.0,0.1613,0.1
-2.2567,-1.6051,0.309,0,0.0,-0.1206,0.1
-2.0706,-1.5863,0.2581,0,0.0,0.0533,0.1
-1.9081,-1.5805,0.2897,0,0.0,0.0598,0.1
-1.7687,-1.5874,0.2823,0,0.0,-0.1292,0.1
-1.5514,-1.6168,0.2591,0,0.0,-0.1682,0.1
-1.3753,-1.5965,0.2569,0,0.0,0.0983,0.1
-1.2179,-1.6126,0.2528,0,0.0,-0.1881,0.1
-1.0012,-1.6143,0.2812,0,0.0,-0.1502,0.1
-0.8414,-1.6212,0.2733,0,0.0,0.1027,0.1
-0.6376,-1.5914,0.2549,0,0.0,-0.1977,0.1
-0.4636,-1.6059,0.2759,0,0.0,-0.1604,0.1
-0.2733,-1.5805,0.2909,0,0.0,-0.1597,0.1
-0.1007,-1.6063,0.2717,0,0.0,0.0853,0.1
0.0338,-1.6261,0.2542,0,0.0101,-0.1638,0.1
0.215,-1.6082,0.2508,0,0.0645,-0.1287,0.1
0.4085,-1.6016,0.2925,0,0.1226,-0.0253,0.1
-2.9852,-1.3951,0.28,0,0.0,-0.1514,0.1
-2.79,-1.37,0.2599,0,0.0,0.0677,0.1
-2.6624,-1.4025,0.3012,0,0.0,-0.1406,0.1
-2.4807,-1.4214,0.3053,0,0.0,0.1573,0.1
-2.292,-1.3858,0.2697,0,0.0,0.0641,0.1
-2.0964,-1.3772,0.2573,0,0.0,0.0004,0.1
-1.908,-1.382,0.2505,0,0.0,-0.169,0.1
-1.7294,-1.3848,0.2817,0,0.0,0.0826,0.1
-1.5648,-1.3722,0.2624,0,0.0,0.0166,0.1
-1.3958,-1.3921,0.3034,0,0.0,-0.1592,0.1
-1.1968,-1.4155,0.2661,0,0.0,0.1272,0.1
-1.033,-1.3817,0.2568,0,0.0,0.1557,0.1
-0.8356,-1.4065,0.2954,0,0.0,-0.0245,0.1
-0.6651,-1.3842,0.2518,0,0.0,0.1074,0.1
-0.503,-1.4169,0.2983,0,0.0,-0.1483,0.1
-0.2981,-1.3962,0.2653,0,0.0,0.0187,0.1
-0.1321,-1.3913,0.2968,0,0.0,-0.0619,0.1
0.0465,-1.404,0.2978,0,0.014,-0.042,0.1
0.2341,-1.3871,0.2931,0,0.0702,0.1238,0.1
0.4126,-1.3873,0.2726,0,0.1238,0.1503,0.1
-2.9878,-1.1864,0.2842,0,0.0,0.0661,0.1
-2.8171,-1.1865,0.2599,0,0.0,-0.0135,0.1
-2.6686,-1.2203,0.2737,0,0.0,0.1017,0.1
-2.4779,-1.1706,0.2899,0,0.0,0.199,0.1
-2.2981,-1.1869,0.2912,0,0.0,-0.1178,0.1
-2.0992,-1.2121,0.2746,0,0.0,0.0793,0.1
-1.9119,-1.219,0.2803,0,0.0,0.0386,0.1
-1.73,-1.1884,0.2893,0,0.0,-0.0897,0.1
-1.5898,-1.218,0.288,0,0.0,-0.0552,0.1
-1.3531,-1.1752,0.2982,0,0.0,0.1967,0.1
-1.2229,-1.2204,0.294,0,0.0,-0.0174,0.1
-1.0323,-1.2272,0.3032,0,0.0,-0.1221,0.1
-0.8133,-1.2133,0.2715,0,0.0,0.1742,0.1
-0.6732,-1.1713,0.2713,0,0.0,-0.0318,0.1
-0.48,-1.1952,0.2894,0,0.0,-0.0821,0.1
-0.2984,-1.1775,0.2557,0,0.0,0.0717,0.1
-0.1308,-1.204,0.2646,0,0.0,-0.1427,0.1
0.0666,-1.226,0.2777,0,0.02,0.1343,0.1
0.2632,-1.2099,0.2605,0,0.079,0.0735,0.1
0.4108,-1.1746,0.2584,0,0.1232,-0.0738,0.1
-3.0222,-1.0225,0.2695,0,0.0,0.0926,0.1
-2.836,-0.9939,0.2827,0,0.0,-0.048,0.1
-2.623,-1.0249,0.2675,0,0.0,-0.165,0.1
-2.4872,-1.0104,0.2968,0,0.0,-0.0756,0.1
-2.2769,-0.974,0.3098,0,0.0,0.1679,0.1
-2.12,-0.9743,0.2661,0,0.0,-0.1859,0.1
-1.9004,-1.0174,0.2933,0,0.0,-0.0875,0.1
-1.7276,-0.9971,0.3075,0,0.0,0.1444,0.1
-1.5393,-1.0211,0.2627,0,0.0,0.1488,0.1
-1.3867,-0.9868,0.2911,0,0.0,-0.1547,0.1
-1.1854,-1.0059,0.3042,0,0.0,0.1381,0.1
-0.993,-1.0153,0.2917,0,0.0,-0.0085,0.1
-0.8178,-0.9891,0.2981,0,0.0,-0.0838,0.1
-0.6503,-1.0072,0.3079,0,0.0,0.1585,0.1
-0.5056,-1.0206,0.252,0,0.0,-0.0826,0.1
-0.3283,-0.9942,0.261,0,0.0,0.1211,0.1
-0.1186,-1.0085,0.3081,0,0.0,-0.0866,0.1
0.0563,-1.0238,0.2752,0,0.0169,-0.1788,0.1
0.268,-0.9934,0.2692,0,0.0804,-0.1461,0.1
0.4027,-1.0182,0.2656,0,0.1208,-0.1847,0.1
-2.9848,-0.8078,0.3059,0,0.0,0.1346,0.1
-2.8163,-0.8017,0.2929,0,0.0,-0.0554,0.1
-2.6513,-0.8109,0.2682,0,0.0,-0.1475,0.1
-2.4305,-0.7974,0.2612,0,0.0,0.1659,0.1
-2.2642,-0.7863,0.3075,0,0.0,0.0079,0.1
-2.1018,-0.7957,0.282,0,0.0,-0.0355,0.1
-1.9023,-0.7928,0.2715,0,0.0,-0.1057,0.1
-1.7662,-0.8215,0.2887,0,0.0,-0.1668,0.1
-1.5364,-0.7877,0.272,0,0.0,0.1687,0.1
-1.378,-0.8133,0.2746,0,0.0,0.1372,0.1
-1.1973,-0.8046,0.3041,0,0.0,0.1305,0.1
-0.9971,-0.7711,0.2943,0,0.0,-0.0383,0.1
-0.8154,-0.7953,0.3069,0,0.0,-0.0346,0.1
-0.6393,-0.8189,0.2707,0,0.0,0.0421,0.1
-0.4839,-0.7885,0.2953,0,0.0,-0.1971,0.1
-0.3052,-0.8266,0.3078,0,0.0,0.0507,0.1
-0.0985,-0.7823,0.3,0,0.0,-0.0665,0.1
0.0602,-0.8003,0.2676,0,0.0181,-0.0717,0.1
0.2522,-0.8012,0.3073,0,0.0757,-0.0317,0.1
0.3981,-0.8017,0.3089,0,0.1194,-0.0014,0.1
-2.9958,-0.5813,0.2897,0,0.0,-0.196,0.1
-2.8142,-0.6136,0.2768,0,0.0,0.1148,0.1
-2.6169,-0.6262,0.2916,0,0.0,0.0836,0.1
-2.4425,-0.6292,0.2826,0,0.0,0.1653,0.1
-2.2561,-0.5943,0.2991,0,0.0,-0.049,0.1
-2.1036,-0.5823,0.3029,0,0.0,-0.1776,0.1
-1.9245,-0.6186,0.2709,0,0.0,-0.066,0.1
-1.7313,-0.6223,0.3051,0,0.0,0.1433,0.1
-1.5447,-0.6277,0.26,0,0.0,-0.155,0.1
-1.352,-0.6181,0.2984,0,0.0,-0.0675,0.1
-1.1959,-0.6002,0.3003,0,0.0,0.0527,0.1
-1.0083,-0.6251,0.2989,0,0.0,0.0944,0.1
-0.8595,-0.6238,0.2729,0,0.0,-0.0907,0.1
-0.68,-0.6021,0.2519,0,0.0,-0.1722,0.1
-0.4574,-0.5931,0.27,0,0.0,0.1429,0.1
-0.3142,-0.6178,0.2605,0,0.0,-0.1854,0.1
-0.0918,-0.6135,0.2983,0,0.0,-0.1999,0.1
0.089,-0.5855,0.2815,0,0.0267,0.1071,0.1
0.2444,-0.6104,0.2706,0,0.0733,0.1569,0.1
0.4045,-0.6058,0.299,0,0.1213,0.0988,0.1
-3.0247,-0.4223,0.2749,0,0.0,0.0562,0.1
-2.7954,-0.4008,0.2912,0,0.0,-0.0312,0.1
-2.6276,-0.3954,0.2564,0,0.0,0.0698,0.1
-2.4496,-0.4202,0.2922,0,0.0,-0.0244,0.1
-2.2503,-0.382,0.2743,0,0.0,-0.1591,0.1
-2.1229,-0.3834,0.3064,0,0.0,-0.1881,0.1
-1.9078,-0.3871,0.2559,0,0.0,0.067,0.1
-1.7494,-0.3808,0.3058,0,0.0,0.077,0.1
-1.5345,-0.4055,0.2696,0,0.0,-0.1466,0.1
-1.3659,-0.4162,0.2756,0,0.0,-0.0686,0.1
-1.2132,-0.3856,0.2595,0,0.0,-0.0084,0.1
-1.0034,-0.4226,0.2821,0,0.0,0.1707,0.1
-0.86,-0.3919,0.2514,0,0.0,-0.0113,0.1
-0.6736,-0.394,0.2676,0,0.0,0.0134,0.1
-0.4612,-0.424,0.2648,0,0.0,-0.0581,0.1
-0.2853,-0.3826,0.2968,0,0.0,0.0384,0.1
-0.1324,-0.3994,0.2689,0,0.0,0.0609,0.1
0.0329,-0.4297,0.2617,0,0.0099,-0.0816,0.1
0.2676,-0.3923,0.2598,0,0.0803,0.1143,0.1
0.4104,-0.4087,0.3032,0,0.1231,0.0227,0.1
-2.9851,-0.1985,0.2742,0,0.0,-0.0024,0.1
-2.8117,-0.2153,0.274,0,0.0,0.115,0.1
-2.6134,-0.2002,0.2939,0,0.0,0.1305,0.1
-2.4358,-0.2171,0.2909,0,0.0,0.1936,0.1
-2.301,-0.1833,0.2531,0,0.0,-0.06,0.1
-2.0953,-0.2124,0.2731,0,0.0,-0.0536,0.1
-1.9326,-0.2261,0.2673,0,0.0,-0.0612,0.1
-1.7384,-0.2125,0.3084,0,0.0,-0.0588,0.1
-1.5346,-0.1735,0.2895,0,0.0,0.0973,0.1
-1.3746,-0.1735,0.2706,0,0.0,0.0662,0.1
-1.2029,-0.2209,0.2884,0,0.0,-0.022,0.1
-1.0486,-0.2216,0.257,0,0.0,-0.0395,0.1
-0.8144,-0.2043,0.2772,0,0.0,0.1362,0.1
-0.6872,-0.1967,0.3084,0,0.0,-0.1754,0.1
-0.4837,-0.1998,0.2747,0,0.0,0.175,0.1
-0.2958,-0.1831,0.2525,0,0.0,0.0415,0.1
-0.14,-0.2183,0.3016,0,0.0,0.1178,0.1
0.0861,-0.2207,0.2694,0,0.0258,-0.105,0.1
0.2328,-0.2114,0.2714,0,0.0698,-0.1959,0.1
0.4408,-0.2086,0.3081,0,0.1322,0.0403,0.1
-2.9987,-0.0204,0.2978,0,0.0,0.0698,0.1
-2.8074,0.0046,0.2806,0,0.0,0.0696,0.1
-2.6536,0.0052,0.2532,0,0.0,-0.1244,0.1
-2.4799,0.024,0.2524,0,0.0,0.1088,0.1
-2.2718,-0.0224,0.2988,0,0.0,0.1621,0.1
-2.1051,0.0057,0.2672,0,0.0,0.0704,0.1
-1.9397,-0.0038,0.3089,0,0.0,0.0253,0.1
-1.7487,0.0232,0.2771,0,0.0,-0.0843,0.1
-1.5428,-0.0171,0.2557,0,0.0,-0.0638,0.1
-1.4006,0.0278,0.3029,0,0.0,0.0865,0.1
-1.1809,0.021,0.2825,0,0.0,0.0448,0.1
-1.0249,-0.0203,0.2916,0,0.0,-0.042,0.1
-0.8252,0.0188,0.266,0,0.0,-0.1207,0.1
-0.6506,-0.0296,0.3049,0,0.0,0.0811,0.1
-0.4699,-0.0129,0.3025,0,0.0,0.008,0.1
-0.3247,0.0213,0.2592,0,0.0,0.0269,0.1
-0.1221,-0.0001,0.2558,0,0.0,0.1599,0.1
0.0528,-0.0166,0.3016,0,0.0159,-0.0517,0.1
0.2227,0.0066,0.2537,0,0.0668,-0.1463,0.1
0.4363,0.0051,0.2594,0,0.1309,0.0068,0.1
-2.9715,0.2026,0.2552,0,0.0,-0.0467,0.1
-2.8019,0.195,0.2901,0,0.0,-0.0887,0.1
-2.6207,0.175,0.2821,0,0.0,-0.1571,0.1
-2.471,0.2107,0.2654,0,0.0,-0.1976,0.1
-2.2553,0.2275,0.2772,0,0.0,0.1263,0.1
-2.1023,0.2242,0.2809,0,0.0,0.1245,0.1
-1.9027,0.2183,0.2649,0,0.0,0.0176,0.1
-1.7439,0.2284,0.2508,0,0.0,0.0064,0.1
-1.5502,0.2217,0.2781,0,0.0,-0.011,0.1
-1.3655,0.2104,0.2596,0,0.0,0.0927,0.1
-1.2251,0.2241,0.2648,0,0.0,-0.1679,0.1
-1.0423,0.2058,0.278,0,0.0,-0.0607,0.1
-0.8395,0.1739,0.2651,0,0.0,0.0322,0.1
-0.6532,0.223,0.3072,0,0.0,-0.0184,0.1
-0.4575,0.182,0.2956,0,0.0,0.1571,0.1
-0.3159,0.1997,0.2514,0,0.0,0.0155,0.1
-0.0986,0.2208,0.2678,0,0.0,0.0677,0.1
0.0811,0.1929,0.2964,0,0.0243,-0.0265,0.1
0.2467,0.2067,0.2955,0,0.074,0.0126,0.1
0.4273,0.1888,0.283,0,0.1282,-0.18,0.1
-2.9789,0.3853,0.301,0,0.0,0.0438,0.1
-2.7923,0.3974,0.3024,0,0.0,-0.0839,0.1
-2.6404,0.3741,0.2919,0,0.0,0.1691,0.1
-2.4841,0.4214,0.2899,0,0.0,-0.1459,0.1
-2.2809,0.4249,0.2953,0,0.0,0.0361,0.1
-2.0707,0.3806,0.2654,0,0.0,-0.0659,0.1
-1.9474,0.3774,0.2758,0,0.0,-0.0439,0.1
-1.7124,0.4156,0.2616,0,0.0,-0.1165,0.1
-1.5891,0.4033,0.2647,0,0.0,0.0112,0.1
-1.3788,0.409,0.309,0,0.0,0.0392,0.1
-1.1725,0.3968,0.2835,0,0.0,0.1288,0.1
-1.0266,0.3714,0.2728,0,0.0,-0.154,0.1
-0.8297,0.4253,0.2803,0,0.0,-0.1398,0.1
-0.6716,0.4153,0.2715,0,0.0,0.0231,0.1
-0.4845,0.3907,0.2933,0,0.0,0.121,0.1
-0.28,0.405,0.2586,0,0.0,-0.1551,0.1
-0.1459,0.4084,0.2879,0,0.0,0.1616,0.1
0.0754,0.3978,0.2518,0,0.0226,-0.1684,0.1
0.2136,0.4153,0.3094,0,0.0641,-0.0509,0.1
0.4043,0.4279,0.2932,0,0.1213,0.0512,0.1
-3.0236,0.5798,0.2679,0,0.0,0.0029,0.1
-2.8375,0.5865,0.2741,0,0.0,-0.0217,0.1
-2.6669,0.5734,0.2764,0,0.0,0.0925,0.1
-2.4774,0.6086,0.295,0,0.0,0.1315,0.1
-2.2606,0.6166,0.2518,0,0.0,0.1571,0.1
-2.1205,0.6153,0.2536,0,0.0,-0.077,0.1
-1.9466,0.6181,0.2747,0,0.0,0.0747,0.1
-1.7405,0.6237,0.2939,0,0.0,-0.0993,0.1
-1.584,0.5905,0.2853,0,0.0,-0.0662,0.1
-1.402,0.613,0.2846,0,0.0,-0.1741,0.1
-1.1934,0.5868,0.2745,0,0.0,-0.1335,0.1
-0.996,0.6161,0.3066,0,0.0,0.0998,0.1
-0.8537,0.5704,0.2569,0,0.0,0.0069,0.1
-0.6474,0.5843,0.2871,0,0.0,-0.107,0.1
-0.4686,0.6042,0.2909,0,0.0,-0.0358,0.1
-0.3179,0.5898,0.3016,0,0.0,0.1557,0.1
-0.1307,0.5955,0.2841,0,0.0,0.0355,0.1
0.0374,0.5922,0.2509,0,0.0112,0.0627,0.1
0.2448,0.5926,0.283,0,0.0734,0.077,0.1
0.4043,0.6081,0.3054,0,0.1213,0.1855,0.1
-3.0039,0.7993,0.2703,0,0.0,0.059,0.1
-2.8397,0.8045,0.3065,0,0.0,0.0898,0.1
-2.6161,0.781,0.2969,0,0.0,0.0544,0.1
-2.4624,0.7786,0.2985,0,0.0,-0.184,0.1
-2.2681,0.7779,0.3023,0,0.0,-0.0752,0.1
-2.0876,0.7898,0.2561,0,0.0,0.0545,0.1
-1.9457,0.7775,0.2617,0,0.0,0.0538,0.1
-1.715,0.8164,0.2558,0,0.0,-0.1273,0.1
-1.5764,0.7703,0.2804,0,0.0,-0.0115,0.1
-1.3817,0.7947,0.3022,0,0.0,-0.1459,0.1
-1.2032,0.83,0.3076,0,0.0,-0.1964,0.1
-1.0338,0.8094,0.2806,0,0.0,0.0015,0.1
-0.8638,0.8151,0.2801,0,0.0,-0.1504,0.1
-0.6319,0.8082,0.2825,0,0.0,0.0607,0.1
-0.5098,0.8131,0.2537,0,0.0,0.1564,0.1
-0.2743,0.7919,0.2722,0,0.0,0.0295,0.1
-0.1112,0.771,0.3038,0,0.0,0.14,0.1
0.0691,0.8181,0.3075,0,0.0207,0.0177,0.1
0.2467,0.8218,0.2716,0,0.074,0.0453,0.1
0.425,0.8252,0.2518,0,0.1275,0.0556,0.1
-2.9733,0.9757,0.2579,0,0.0,0.1905,0.1
-2.8172,0.9732,0.2589,0,0.0,0.1004,0.1
-2.659,1.0092,0.2534,0,0.0,0.1114,0.1
-2.4338,1.0169,0.2884,0,0.0,-0.1385,0.1
-2.2993,1.0083,0.292,0,0.0,-0.0561,0.1
-2.0987,1.0103,0.3002,0,0.0,-0.1478,0.1
-1.9013,1.0088,0.2747,0,0.0,-0.1672,0.1
-1.7233,1.0208,0.2826,0,0.0,0.0089,0.1
-1.5562,1.0258,0.2955,0,0.0,-0.0243,0.1
-1.4005,0.9838,0.2798,0,0.0,0.1363,0.1
-1.19,1.0178,0.258,0,0.0,-0.1178,0.1
-1.0084,1.0165,0.2892,0,0.0,0.1509,0.1
-0.8114,0.9955,0.3037,0,0.0,-0.1235,0.1
-0.6686,0.9825,0.2671,0,0.0,-0.1616,0.1
-0.4761,0.999,0.2972,0,0.0,-0.1288,0.1
-0.3173,1.0092,0.2906,0,0.0,0.1887,0.1
-0.1282,0.979,0.2601,0,0.0,0.1995,0.1
0.0468,1.0212,0.3061,0,0.014,0.015,0.1
0.2584,1.0289,0.303,0,0.0775,-0.0331,0.1
0.4368,0.9825,0.2624,0,0.131,0.1456,0.1
-3.004,1.2235,0.3053,0,0.0,-0.0773,0.1
-2.8059,1.1723,0.2516,0,0.0,-0.0749,0.1
-2.6353,1.179,0.2865,0,0.0,0.0768,0.1
-2.4515,1.214,0.3098,0,0.0,-0.1428,0.1
-2.2913,1.228,0.2921,0,0.0,-0.049,0.1
-2.0983,1.1828,0.2803,0,0.0,-0.0571,0.1
-1.9225,1.1856,0.2529,0,0.0,-0.0574,0.1
-1.7273,1.1822,0.2701,0,0.0,0.1319,0.1
-1.5746,1.2109,0.2806,0,0.0,-0.1342,0.1
-1.395,1.1946,0.2734,0,0.0,0.0435,0.1
-1.1998,1.2039,0.2742,0,0.0,0.1337,0.1
-1.0448,1.2132,0.2539,0,0.0,0.049,0.1
-0.8203,1.186,0.2917,0,0.0,-0.0041,0.1
-0.6647,1.1782,0.2992,0,0.0,0.0136,0.1
-0.4751,1.2104,0.2861,0,0.0,0.1961,0.1
-0.3217,1.225,0.2571,0,0.0,-0.0834,0.1
-0.1461,1.207,0.3073,0,0.0,-0.067,0.1
0.0736,1.2249,0.2911,0,0.0221,0.1129,0.1
0.2304,1.1755,0.2531,0,0.0691,0.083,0.1
0.3905,1.1894,0.2701,0,0.1171,-0.1311,0.1
-3.0074,1.3786,0.3066,0,0.0,-0.0169,0.1
-2.8399,1.3838,0.2546,0,0.0,0.1564,0.1
-2.6282,1.3848,0.2833,0,0.0,0.1055,0.1
-2.4331,1.3989,0.2515,0,0.0,-0.137,0.1
-2.2655,1.4003,0.3033,0,0.0,-0.016,0.1
-2.1009,1.3802,0.2833,0,0.0,0.1755,0.1
-1.9326,1.4274,0.254,0,0.0,0.1464,0.1
-1.7326,1.3992,0.2695,0,0.0,0.1393,0.1
-1.5644,1.4216,0.2585,0,0.0,0.0808,0.1
-1.3725,1.3815,0.2726,0,0.0,-0.1815,0.1
-1.2147,1.4252,0.2564,0,0.0,-0.0028,0.1
-1.042,1.3807,0.3095,0,0.0,0.1924,0.1
-0.8371,1.3935,0.2772,0,0.0,-0.026,0.1
-0.6673,1.4098,0.2633,0,0.0,0.1606,0.1
-0.4906,1.4227,0.2937,0,0.0,0.1259,0.1
-0.3085,1.3929,0.2915,0,0.0,-0.0076,0.1
-0.1152,1.3879,0.2526,0,0.0,-0.1484,0.1
0.0634,1.3828,0.29,0,0.019,0.0422,0.1
0.2451,1.3855,0.2932,0,0.0735,0.1424,0.1
0.4076,1.393,0.2644,0,0.1223,0.0603,0.1
-2.9743,1.6115,0.2806,0,0.0,0.1164,0.1
-2.8001,1.5851,0.2612,0,0.0,0.0876,0.1
-2.634,1.6276,0.2877,0,0.0,0.1691,0.1
-2.4753,1.5944,0.2643,0,0.0,0.1503,0.1
-2.2676,1.615,0.2978,0,0.0,-0.1029,0.1
-2.1245,1.6155,0.3014,0,0.0,0.118,0.1
-1.9303,1.6216,0.2718,0,0.0,-0.1242,0.1
-1.7167,1.573,0.2839,0,0.0,0.0321,0.1
-1.5477,1.5975,0.3023,0,0.0,-0.1151,0.1
-1.3978,1.5871,0.2664,0,0.0,0.1639,0.1
-1.1849,1.5834,0.2802,0,0.0,-0.0301,0.1
-1.0251,1.5744,0.2902,0,0.0,0.1482,0.1
-0.8183,1.6089,0.297,0,0.0,0.0793,0.1
-0.6734,1.5809,0.2784,0,0.0,-0.0798,0.1
-0.5022,1.6123,0.2503,0,0.0,-0.0762,0.1
-0.3132,1.6025,0.2726,0,0.0,0.0916,0.1
-0.0908,1.6095,0.2855,0,0.0,0.1789,0.1
0.0458,1.5946,0.2554,0,0.0137,-0.1733,0.1
0.2536,1.5701,0.2901,0,0.0761,0.0284,0.1
0.4036,1.6148,0.2654,0,0.1211,0.1678,0.1
-3.0179,1.7908,0.2725,0,0.0,-0.1601,0.1
-2.8289,1.8056,0.2784,0,0.0,-0.1232,0.1
-2.659,1.8153,0.3037,0,0.0,-0.0344,0.1
-2.4608,1.8199,0.2704,0,0.0,-0.1011,0.1
-2.2687,1.7826,0.2628,0,0.0,-0.059,0.1
-2.0826,1.7811,0.2922,0,0.0,0.0077,0.1
-1.9123,1.8185,0.2935,0,0.0,-0.0913,0.1
-1.7245,1.7807,0.2736,0,0.0,-0.1964,0.1
-1.5496,1.775,0.2651,0,0.0,-0.0237,0.1
-1.3958,1.8064,0.3092,0,0.0,-0.0647,0.1
-1.1962,1.8217,0.2597,0,0.0,0.1666,0.1
-1.0422,1.8296,0.2725,0,0.0,-0.1062,0.1
-0.8611,1.7937,0.2895,0,0.0,0.1149,0.1
-0.6437,1.7872,0.2534,0,0.0,-0.153,0.1
-0.4986,1.8008,0.3094,0,0.0,0.1901,0.1
-0.2865,1.81,0.2572,0,0.0,-0.1621,0.1
-0.1231,1.8137,0.2874,0,0.0,-0.1667,0.1
0.0385,1.7723,0.2788,0,0.0115,-0.1385,0.1
0.2366,1.8004,0.3099,0,0.071,-0.0179,0.1
0.428,1.7784,0.2628,0,0.1284,-0.02,0.1
-3.0072,-2.0182,0.4465,0,0.0,-0.0511,0.1
-2.8116,-1.9711,0.4562,0,0.0,-0.1282,0.1
-2.6567,-2.0156,0.4713,0,0.0,-0.1884,0.1
-2.4348,-2.015,0.4464,0,0.0,0.1423,0.1
-2.2817,-1.9908,0.4303,0,0.0,0.0849,0.1
-2.0858,-1.9738,0.4887,0,0.0,-0.0873,0.1
-1.9164,-2.0056,0.4452,0,0.0,-0.0641,0.1
-1.724,-1.9843,0.4408,0,0.0,0.0308,0.1
-1.5532,-2.0071,0.4878,0,0.0,-0.1822,0.1
-1.3765,-2.0159,0.4875,0,0.0,-0.1294,0.1
-1.1851,-1.985,0.4748,0,0.0,0.0468,0.1
-0.9907,-2.008,0.4846,0,0.0,0.114,0.1
-0.813,-1.9886,0.4317,0,0.0,-0.012,0.1
-0.6405,-2.0067,0.4883,0,0.0,0.1302,0.1
-0.4966,-2.0136,0.4528,0,0.0,0.1897,0.1
-0.303,-1.9774,0.4523,0,0.0,0.1008,0.1
-0.1263,-2.0006,0.4856,0,0.0,0.0642,0.1
0.0791,-1.9954,0.4402,0,0.0237,-0.0836,0.1
0.2651,-2.0101,0.4547,0,0.0795,0.0675,0.1
0.4051,-2.0228,0.4706,0,0.1215,-0.1221,0.1
-3.0,-1.7855,0.4682,0,0.0,-0.1589,0.1
-2.8032,-1.8107,0.4838,0,0.0,0.1131,0.1
-2.6417,-1.8143,0.45,0,0.0,0.0696,0.1
-2.4877,-1.8189,0.4561,0,0.0,-0.1588,0.1
-2.286,-1.7989,0.464,0,0.0,0.0636,0.1
-2.0941,-1.7841,0.4607,0,0.0,-0.0601,0.1
-1.9052,-1.771,0.4384,0,0.0,-0.0594,0.1
-1.7318,-1.8057,0.4513,0,0.0,0.1722,0.1
-1.5335,-1.8055,0.4799,0,0.0,-0.0845,0.1
-1.3847,-1.8085,0.4381,0,0.0,-0.0853,0.1
-1.205,-1.8295,0.4756,0,0.0,0.1575,0.1
-1.0048,-1.778,0.4613,0,0.0,-0.0501,0.1
-0.8465,-1.821,0.4374,0,0.0,0.0703,0.1
-0.6302,-1.8038,0.4707,0,0.0,0.1928,0.1
-0.4741,-1.7719,0.4557,0,0.0,0.1166,0.1
-0.308,-1.8096,0.4611,0,0.0,0.1976,0.1
-0.13,-1.8205,0.4311,0,0.0,-0.1193,0.1
0.0745,-1.8001,0.4529,0,0.0224,-0.1316,0.1
0.2694,-1.8084,0.4883,0,0.0808,0.0884,0.1
0.4334,-1.7967,0.4518,0,0.13,0.1771,0.1
-3.0228,-1.6141,0.4566,0,0.0,0.0354,0.1
-2.8048,-1.6275,0.479,0,0.0,-0.0654,0.1
-2.6163,-1.5701,0.4529,0,0.0,0.0246,0.1
-2.4797,-1.6286,0.4516,0,0.0,-0.0345,0.1
-2.2824,-1.5726,0.4441,0,0.0,-0.1921,0.1
-2.1113,-1.5868,0.4639,0,0.0,0.1761,0.1
-1.9187,-1.5891,0.4844,0,0.0,0.0389,0.1
-1.7102,-1.6181,0.4845,0,0.0,-0.1322,0.1
-1.5829,-1.6187,0.4392,0,0.0,-0.1939,0.1
-1.3648,-1.6284,0.4367,0,0.0,0.066,0.1
-1.1843,-1.5814,0.479,0,0.0,-0.0234,0.1
-1.0222,-1.6122,0.4738,0,0.0,0.1258,0.1
-0.8489,-1.6284,0.4604,0,0.0,0.1226,0.1
-0.6816,-1.5904,0.4735,0,0.0,0.0352,0.1
-0.482,-1.5743,0.4418,0,0.0,0.1209,0.1
-0.3244,-1.5992,0.446,0,0.0,-0.1101,0.1
-0.0957,-1.6065,0.4489,0,0.0,-0.0036,0.1
0.0724,-1.591,0.4846,0,0.0217,0.106,0.1
0.2345,-1.5904,0.4322,0,0.0704,-0.1841,0.1
0.4176,-1.5996,0.4626,0,0.1253,0.0983,0.1
-3.029,-1.3942,0.4334,0,0.0,-0.1837,0.1
-2.8283,-1.3816,0.4673,0,0.0,-0.1153,0.1
-2.6416,-1.4144,0.475,0,0.0,-0.1202,0.1
-2.4667,-1.3848,0.4882,0,0.0,0.1158,0.1
-2.2522,-1.4111,0.4592,0,0.0,-0.1712,0.1
-2.128,-1.4161,0.4365,0,0.0,-0.1349,0.1
-1.946,-1.3894,0.4353,0,0.0,0.1243,0.1
-1.7256,-1.3786,0.4619,0,0.0,0.1916,0.1
-1.5507,-1.4128,0.4466,0,0.0,-0.158,0.1
-1.3967,-1.409,0.4417,0,0.0,0.0734,0.1
-1.196,-1.4206,0.4758,0,0.0,0.046,0.1
-1.0476,-1.3727,0.4332,0,0.0,0.0325,0.1
-0.8132,-1.3806,0.4443,0,0.0,-0.0636,0.1
-0.6714,-1.4098,0.4395,0,0.0,-0.1191,0.1
-0.4897,-1.4059,0.4589,0,0.0,0.0946,0.1
-0.32,-1.3782,0.453,0,0.0,-0.1209,0.1
-0.1337,-1.4072,0.4595,0,0.0,0.0584,0.1
0.0888,-1.3753,0.4521,0,0.0267,0.1556,0.1
0.2122,-1.4159,0.441,0,0.0637,-0.1878,0.1
0.4028,-1.3868,0.4565,0,0.1208,-0.1737,0.1
-2.9833,-1.2295,0.4718,0,0.0,-0.1795,0.1
-2.8415,-1.1852,0.4618,0,0.0,0.1505,0.1
-2.6238,-1.2129,0.4704,0,0.0,0.0,0.1
-2.4324,-1.2186,0.4772,0,0.0,0.0916,0.1
-2.2707,-1.1922,0.4736,0,0.0,-0.1108,0.1
-2.1262,-1.1824,0.4336,0,0.0,0.1179,0.1
-1.929,-1.2171,0.4854,0,0.0,0.0001,0.1
-1.732,-1.1786,0.4542,0,0.0,-0.0789,0.1
-1.5894,-1.2287,0.4714,0,0.0,-0.0082,0.1
-1.3818,-1.2099,0.4867,0,0.0,-0.0313,0.1
-1.2051,-1.2209,0.4877,0,0.0,0.0324,0.1
-0.9915,-1.2254,0.4749,0,0.0,-0.1564,0.1
-0.8159,-1.2202,0.4535,0,0.0,-0.1434,0.1
-0.6754,-1.1767,0.4536,0,0.0,0.0354,0.1
-0.4813,-1.2249,0.4736,0,0.0,-0.062,0.1
-0.2781,-1.2246,0.4636,0,0.0,-0.1761,0.1
-0.0954,-1.2276,0.4791,0,0.0,-0.0534,0.1
0.0516,-1.225,0.4827,0,0.0155,-0.0512,0.1
0.231,-1.2106,0.4499,0,0.0693,-0.1035,0.1
0.3988,-1.2098,0.4378,0,0.1196,-0.034,0.1
-3.01,-0.9913,0.434,0,0.0,-0.0945,0.1
-2.8464,-0.9972,0.475,0,0.0,-0.0632,0.1
-2.6204,-1.0279,0.4866,0,0.0,0.1479,0.1
-2.4533,-1.0246,0.4807,0,0.0,0.0505,0.1
-2.2793,-1.0018,0.4473,0,0.0,-0.1062,0.1
-2.0947,-0.9828,0.4871,0,0.0,-0.1635,0.1
-1.9278,-1.0077,0.4774,0,0.0,0.0032,0.1
-1.7552,-1.0256,0.4502,0,0.0,-0.1775,0.1
-1.5656,-0.9899,0.4567,0,0.0,0.0545,0.1
-1.4035,-1.0124,0.4618,0,0.0,0.1578,0.1
-1.2108,-1.0256,0.4393,0,0.0,-0.1369,0.1
-1.0464,-0.9864,0.4323,0,0.0,-0.0947,0.1
-0.8179,-1.0155,0.4809,0,0.0,0.1005,0.1
-0.6324,-0.9709,0.4439,0,0.0,-0.1422,0.1
-0.5062,-1.0136,0.4388,0,0.0,-0.1548,0.1
-0.3234,-1.0057,0.4745,0,0.0,-0.1655,0.1
-0.1011,-0.9834,0.4887,0,0.0,-0.1257,0.1
0.0885,-0.9888,0.4893,0,0.0265,0.0553,0.1
0.242,-1.0259,0.4554,0,0.0726,-0.1008,0.1
0.4045,-0.9848,0.4712,0,0.1214,0.0681,0.1
-2.978,-0.7805,0.4874,0,0.0,-0.1589,0.1
-2.8388,-0.7726,0.4347,0,0.0,-0.0478,0.1
-2.6267,-0.7882,0.454,0,0.0,-0.0033,0.1
-2.4388,-0.8282,0.4656,0,0.0,-0.1963,0.1
-2.257,-0.7974,0.4352,0,0.0,-0.0259,0.1
-2.1111,-0.7795,0.4798,0,0.0,0.1157,0.1
-1.9074,-0.8025,0.4594,0,0.0,0.1183,0.1
-1.7683,-0.7806,0.4401,0,0.0,0.0598,0.1
-1.5409,-0.7758,0.4534,0,0.0,0.0533,0.1
-1.3977,-0.7956,0.4851,0,0.0,-0.0879,0.1
-1.1727,-0.8134,0.461,0,0.0,0.1464,0.1
-1.0304,-0.8282,0.4645,0,0.0,-0.0008,0.1
-0.8576,-0.8029,0.4483,0,0.0,-0.0462,0.1
-0.6826,-0.7817,0.4622,0,0.0,0.0526,0.1
-0.4533,-0.7743,0.4875,0,0.0,0.0203,0.1
-0.2748,-0.7962,0.4784,0,0.0,0.0031,0.1
-0.1055,-0.7874,0.4399,0,0.0,0.0181,0.1
0.0656,-0.8182,0.472,0,0.0197,-0.1876,0.1
0.253,-0.8253,0.4468,0,0.0759,0.1699,0.1
0.4142,-0.8262,0.467,0,0.1243,-0.0357,0.1
-2.9805,-0.6085,0.4456,0,0.0,-0.1441,0.1
-2.822,-0.6034,0.4403,0,0.0,-0.0425,0.1
-2.6469,-0.6277,0.4647,0,0.0,-0.123,0.1
-2.4416,-0.6296,0.4833,0,0.0,0.1535,0.1
-2.251,-0.6179,0.4396,0,0.0,0.0683,0.1
-2.1092,-0.6117,0.4668,0,0.0,0.1278,0.1
-1.9073,-0.5987,0.4344,0,0.0,0.0047,0.1
-1.744,-0.5816,0.4719,0,0.0,0.1109,0.1
-1.5661,-0.5839,0.4897,0,0.0,0.0789,0.1
-1.3649,-0.5812,0.4467,0,0.0,-0.1079,0.1
-1.1997,-0.5901,0.4374,0,0.0,0.1262,0.1
-1.0292,-0.5906,0.4554,0,0.0,-0.0721,0.1
-0.8463,-0.5764,0.4886,0,0.0,-0.147,0.1
-0.6634,-0.624,0.4328,0,0.0,-0.1959,0.1
-0.4724,-0.5884,0.4514,0,0.0,0.1349,0.1
-0.2826,-0.5875,0.4575,0,0.0,0.011,0.1
-0.0958,-0.6261,0.4631,0,0.0,-0.1487,0.1
0.0861,-0.5973,0.4402,0,0.0258,-0.1345,0.1
0.2616,-0.5912,0.4531,0,0.0785,-0.1035,0.1
0.4473,-0.5981,0.4501,0,0.1342,-0.1294,0.1
-2.9849,-0.3853,0.4332,0,0.0,0.0223,0.1
-2.7995,-0.3858,0.4357,0,0.0,-0.1464,0.1
-2.6391,-0.4215,0.467,0,0.0,0.1054,0.1
-2.4859,-0.4063,0.4547,0,0.0,0.0493,0.1
-2.3068,-0.399,0.4332,0,0.0,-0.0987,0.1
-2.095,-0.392,0.4498,0,0.0,-0.0905,0.1
-1.9229,-0.4154,0.4505,0,0.0,-0.0524,0.1
-1.759,-0.4229,0.4706,0,0.0,-0.0575,0.1
-1.5899,-0.4005,0.48,0,0.0,-0.0892,0.1
-1.3921,-0.3854,0.4815,0,0.0,-0.0888,0.1
-1.206,-0.3853,0.47,0,0.0,-0.0916,0.1
-1.0458,-0.4032,0.4771,0,0.0,0.1646,0.1
-0.8624,-0.3963,0.4466,0,0.0,-0.0118,0.1
-0.68,-0.4285,0.4477,0,0.0,0.1444,0.1
-0.4624,-0.3982,0.4701,0,0.0,-0.027,0.1
-0.3078,-0.3791,0.4431,0,0.0,0.0472,0.1
-0.1313,-0.424,0.4737,0,0.0,0.0938,0.1
0.0431,-0.4194,0.4719,0,0.0129,0.1662,0.1
0.2565,-0.4154,0.447,0,0.077,0.0433,0.1
0.4323,-0.3951,0.4332,0,0.1297,-0.0528,0.1
-3.0037,-0.2114,0.4811,0,0.0,-0.1496,0.1
-2.8011,-0.2248,0.4382,0,0.0,0.0545,0.1
-2.6617,-0.2227,0.4464,0,0.0,0.1963,0.1
-2.4871,-0.1996,0.4506,0,0.0,-0.0928,0.1
-2.2681,-0.1723,0.4667,0,0.0,-0.1942,0.1
-2.1223,-0.1859,0.4613,0,0.0,-0.1822,0.1
-1.8901,-0.1734,0.474,0,0.0,0.053,0.1
-1.7429,-0.222,0.4414,0,0.0,-0.1711,0.1
-1.5408,-0.2172,0.4861,0,0.0,0.0222,0.1
-1.3783,-0.2061,0.4642,0,0.0,-0.0181,0.1
-1.2159,-0.2116,0.478,0,0.0,-0.1484,0.1
-1.0359,-0.1802,0.4445,0,0.0,0.0929,0.1
-0.8354,-0.2281,0.4551,0,0.0,0.0876,0.1
-0.68,-0.1837,0.4826,0,0.0,-0.0043,0.1
-0.4943,-0.2276,0.4697,0,0.0,-0.0287,0.1
-0.3251,-0.1855,0.465,0,0.0,-0.1143,0.1
-0.1385,-0.2151,0.4559,0,0.0,0.0834,0.1
0.0839,-0.22,0.4489,0,0.0252,0.1899,0.1
0.2585,-0.2025,0.4467,0,0.0776,-0.1514,0.1
0.4365,-0.2014,0.4732,0,0.1309,-0.1471,0.1
-2.9777,-0.0197,0.4817,0,0.0,0.1123,0.1
-2.8193,-0.0137,0.43,0,0.0,0.0883,0.1
-2.6187,0.0245,0.4744,0,0.0,0.0377,0.1
-2.4443,-0.0067,0.4728,0,0.0,-0.0326,0.1
-2.2942,0.0151,0.4456,0,0.0,-0.1845,0.1
-2.0861,-0.029,0.4722,0,0.0,0.0707,0.1
-1.9271,0.0149,0.4734,0,0.0,-0.1622,0.1
-1.7375,0.009,0.4737,0,0.0,-0.0973,0.1
-1.5407,0.0047,0.4517,0,0.0,-0.0837,0.1
-1.3666,-0.0133,0.4811,0,0.0,-0.1685,0.1
-1.1767,-0.0077,0.45,0,0.0,0.1471,0.1
-1.0305,-0.0039,0.4485,0,0.0,-0.1793,0.1
-0.8176,0.0083,0.4686,0,0.0,0.1822,0.1
-0.6665,0.0272,0.4816,0,0.0,0.128,0.1
-0.46,0.0126,0.4849,0,0.0,0.1294,0.1
-0.326,0.0005,0.4674,0,0.0,-0.0138,0.1
-0.1024,-0.0144,0.4382,0,0.0,0.0766,0.1
0.0437,0.0015,0.4825,0,0.0131,0.046,0.1
0.2458,-0.0085,0.4897,0,0.0737,0.0701,0.1
0.4161,0.0237,0.4594,0,0.1248,0.1532,0.1
-2.9768,0.1986,0.4517,0,0.0,-0.1759,0.1
-2.8328,0.1923,0.4354,0,0.0,0.0715,0.1
-2.6356,0.2249,0.4713,0,0.0,-0.0837,0.1
-2.4445,0.1776,0.4886,0,0.0,0.0842,0.1
-2.2592,0.2258,0.4342,0,0.0,-0.0046,0.1
-2.0861,0.2263,0.4743,0,0.0,-0.0309,0.1
-1.902,0.2242,0.434,0,0.0,-0.0794,0.1
-1.73,0.2198,0.4463,0,0.0,-0.1407,0.1
-1.5514,0.1864,0.449,0,0.0,0.0743,0.1
-1.3582,0.1907,0.4587,0,0.0,0.0473,0.1
-1.1812,0.1903,0.4578,0,0.0,0.0263,0.1
-1.0043,0.1907,0.4512,0,0.0,0.182,0.1
-0.8124,0.2129,0.4351,0,0.0,0.0431,0.1
-0.6696,0.1803,0.438,0,0.0,-0.168,0.1
-0.4989,0.1715,0.4661,0,0.0,-0.1407,0.1
-0.3171,0.2146,0.4793,0,0.0,0.0979,0.1
-0.1287,0.1823,0.4765,0,0.0,0.0661,0.1
0.0893,0.2084,0.4486,0,0.0268,0.1335,0.1
0.2484,0.2012,0.4655,0,0.0745,0.1349,0.1
0.4266,0.1829,0.4568,0,0.128,-0.1174,0.1
-3.022,0.3859,0.4358,0,0.0,0.1904,0.1
-2.8063,0.3714,0.4849,0,0.0,0.1533,0.1
-2.6491,0.3999,0.4768,0,0.0,0.0393,0.1
-2.4661,0.3957,0.4578,0,0.0,-0.0142,0.1
-2.2641,0.3951,0.4407,0,0.0,-0.0607,0.1
-2.0918,0.3755,0.4521,0,0.0,0.0185,0.1
-1.9256,0.3737,0.4866,0,0.0,0.0507,0.1
-1.725,0.3855,0.4833,0,0.0,-0.1525,0.1
-1.536,0.4037,0.4457,0,0.0,-0.127,0.1
-1.358,0.4202,0.4552,0,0.0,-0.1176,0.1
-1.1725,0.4043,0.4727,0,0.0,0.0348,0.1
-1.003,0.376,0.459,0,0.0,-0.092,0.1
-0.8531,0.3953,0.4405,0,0.0,0.1507,0.1
-0.686,0.4211,0.4677,0,0.0,-0.1933,0.1
-0.4765,0.3953,0.4862,0,0.0,0.1245,0.1
-0.3025,0.39,0.4305,0,0.0,-0.0246,0.1
-0.0969,0.4225,0.4586,0,0.0,0.193,0.1
0.0885,0.4077,0.4303,0,0.0266,0.1807,0.1
0.2164,0.4291,0.4535,0,0.0649,-0.1636,0.1
0.4434,0.4217,0.4624,0,0.133,-0.1891,0.1
-2.9831,0.5895,0.4326,0,0.0,-0.0915,0.1
-2.8358,0.5716,0.4458,0,0.0,-0.1469,0.1
-2.6317,0.588,0.4802,0,0.0,-0.1932,0.1
-2.4838,0.6211,0.453,0,0.0,-0.143,0.1
-2.3079,0.5812,0.47,0,0.0,-0.0457,0.1
-2.0816,0.5817,0.4481,0,0.0,0.128,0.1
-1.8906,0.5887,0.463,0,0.0,-0.047,0.1
-1.7445,0.5946,0.4608,0,0.0,0.1854,0.1
-1.5367,0.6195,0.434,0,0.0,-0.1268,0.1
-1.3836,0.6008,0.4763,0,0.0,0.0546,0.1
-1.2085,0.5972,0.4793,0,0.0,-0.024,0.1
-1.0189,0.5751,0.4776,0,0.0,-0.1259,0.1
-0.8319,0.6092,0.4607,0,0.0,-0.1766,0.1
-0.6788,0.5955,0.4625,0,0.0,0.1401,0.1
-0.4875,0.6082,0.4729,0,0.0,0.1439,0.1
-0.2849,0.5907,0.4717,0,0.0,-0.1221,0.1
-0.1208,0.5836,0.4536,0,0.0,-0.1443,0.1
0.0841,0.5821,0.4341,0,0.0252,-0.0984,0.1
0.2396,0.5922,0.4869,0,0.0719,0.0172,0.1
0.4133,0.6265,0.4541,0,0.124,0.0674,0.1
-3.0151,0.8131,0.4677,0,0.0,-0.1333,0.1
-2.8449,0.7875,0.4847,0,0.0,0.1264,0.1
-2.6651,0.8284,0.4595,0,0.0,-0.1618,0.1
-2.4692,0.7914,0.483,0,0.0,-0.1788,0.1
-2.2692,0.7873,0.4738,0,0.0,0.1094,0.1
-2.0927,0.8127,0.4649,0,0.0,-0.066,0.1
-1.9103,0.8058,0.4391,0,0.0,0.1882,0.1
-1.7446,0.8081,0.4675,0,0.0,-0.074,0.1
-1.5651,0.8235,0.4568,0,0.0,0.0642,0.1
-1.3914,0.8272,0.4408,0,0.0,-0.1729,0.1
-1.1925,0.7884,0.45,0,0.0,0.1231,0.1
-1.0496,0.8163,0.4711,0,0.0,0.0544,0.1
-0.845,0.7719,0.4649,0,0.0,0.0952,0.1
-0.6443,0.8103,0.487,0,0.0,-0.0649,0.1
-0.4503,0.7784,0.457,0,0.0,0.0394,0.1
-0.3146,0.8267,0.4668,0,0.0,0.1236,0.1
-0.1063,0.7749,0.4805,0,0.0,-0.1581,0.1
0.0818,0.7811,0.4332,0,0.0245,-0.1641,0.1
0.2621,0.8052,0.4527,0,0.0786,-0.0586,0.1
0.4404,0.7822,0.4565,0,0.1321,-0.1779,0.1
-2.9982,0.9784,0.476,0,0.0,-0.1803,0.1
-2.8089,1.0128,0.4792,0,0.0,-0.0367,0.1
-2.6627,0.9865,0.4587,0,0.0,-0.0179,0.1
-2.4504,1.0043,0.4851,0,0.0,-0.1033,0.1
-2.2542,0.9983,0.4418,0,0.0,-0.1003,0.1
-2.1271,1.0101,0.4541,0,0.0,0.0582,0.1
-1.9071,1.0098,0.464,0,0.0,0.1608,0.1
-1.7652,1.0118,0.47,0,0.0,-0.0485,0.1
-1.54,1.0231,0.4571,0,0.0,0.0738,0.1
-1.4021,0.9942,0.4591,0,0.0,-0.1087,0.1
-1.2273,0.9878,0.4707,0,0.0,-0.1327,0.1
-0.9941,1.0218,0.4346,0,0.0,-0.0197,0.1
-0.8227,0.9758,0.473,0,0.0,0.1638,0.1
-0.655,1.0261,0.4666,0,0.0,0.0321,0.1
-0.4632,1.0203,0.4668,0,0.0,0.0148,0.1
-0.2943,1.0115,0.4567,0,0.0,-0.0472,0.1
-0.1434,1.0009,0.4495,0,0.0,0.1249,0.1
0.0709,0.9727,0.442,0,0.0213,0.0698,0.1
0.2392,1.0249,0.4795,0,0.0717,0.0051,0.1
0.3946,1.0026,0.4727,0,0.1184,0.1216,0.1
-2.9998,1.1928,0.4471,0,0.0,0.1733,0.1
-2.8194,1.2161,0.4421,0,0.0,0.1697,0.1
-2.6435,1.187,0.483,0,0.0,-0.1237,0.1
-2.4389,1.1888,0.4315,0,0.0,-0.005,0.1
-2.2845,1.1753,0.4765,0,0.0,0.1214,0.1
-2.0919,1.2014,0.4593,0,0.0,0.048,0.1
-1.9079,1.1976,0.4817,0,0.0,-0.1324,0.1
-1.7232,1.1742,0.4532,0,0.0,-0.0723,0.1
-1.5368,1.1728,0.4521,0,0.0,0.1098,0.1
-1.3744,1.2298,0.4713,0,0.0,-0.1106,0.1
-1.2139,1.207,0.4639,0,0.0,-0.188,0.1
-1.0323,1.2133,0.4475,0,0.0,0.008,0.1
-0.8505,1.1788,0.4833,0,0.0,0.1217,0.1
-0.6621,1.2178,0.4747,0,0.0,-0.1834,0.1
-0.4844,1.193,0.4514,0,0.0,-0.1763,0.1
-0.2963,1.2256,0.4771,0,0.0,-0.1393,0.1
-0.1165,1.1893,0.4657,0,0.0,-0.0731,0.1
0.054,1.1754,0.4888,0,0.0162,-0.06,0.1
0.236,1.1935,0.4852,0,0.0708,0.1612,0.1
0.4271,1.2277,0.4885,0,0.1281,0.1221,0.1
-2.9778,1.3707,0.4476,0,0.0,-0.1984,0.1
-2.7925,1.393,0.4846,0,0.0,-0.0058,0.1
-2.6464,1.3945,0.4809,0,0.0,-0.0275,0.1
-2.4859,1.3731,0.4873,0,0.0,-0.1192,0.1
-2.2928,1.4155,0.4415,0,0.0,0.0851,0.1
-2.1219,1.4251,0.4509,0,0.0,-0.1558,0.1
-1.9361,1.4246,0.4754,0,0.0,-0.1957,0.1
-1.7235,1.3712,0.4514,0,0.0,0.0662,0.1
-1.5378,1.4115,0.4591,0,0.0,-0.0253,0.1
-1.4069,1.4135,0.4405,0,0.0,-0.0456,0.1
-1.1844,1.4106,0.4809,0,0.0,0.1325,0.1
-0.9966,1.3876,0.4459,0,0.0,-0.1448,0.1
-0.8583,1.3796,0.4385,0,0.0,-0.0592,0.1
-0.6737,1.3744,0.4762,0,0.0,-0.0801,0.1
-0.4582,1.4243,0.4385,0,0.0,0.0612,0.1
-0.3289,1.4297,0.4602,0,0.0,-0.0904,0.1
-0.1024,1.372,0.4859,0,0.0,-0.1712,0.1
0.0382,1.3811,0.4677,0,0.0115,0.092,0.1
0.2559,1.3969,0.4372,0,0.0768,-0.0234,0.1
0.4411,1.3958,0.4678,0,0.1323,0.1434,0.1
-3.0208,1.6098,0.4474,0,0.0,0.1185,0.1
-2.8404,1.5826,0.4471,0,0.0,-0.157,0.1
-2.6327,1.5814,0.4883,0,0.0,-0.1593,0.1
-2.45,1.5928,0.4817,0,0.0,0.1387,0.1
-2.2559,1.6029,0.4534,0,0.0,-0.0907,0.1
-2.0805,1.599,0.4801,0,0.0,-0.0755,0.1
-1.9155,1.6151,0.4471,0,0.0,-0.1718,0.1
-1.7358,1.5826,0.4412,0,0.0,0.1131,0.1
-1.5606,1.5981,0.462,0,0.0,-0.1578,0.1
-1.3515,1.612,0.4594,0,0.0,0.0345,0.1
-1.2085,1.6178,0.4788,0,0.0,0.0474,0.1
-1.0268,1.5758,0.4722,0,0.0,-0.1809,0.1
-0.8282,1.5957,0.4647,0,0.0,-0.1055,0.1
-0.6893,1.5726,0.4734,0,0.0,0.0329,0.1
-0.4739,1.6136,0.4732,0,0.0,0.1892,0.1
-0.2748,1.6001,0.4318,0,0.0,0.0634,0.1
-0.136,1.5896,0.4764,0,0.0,0.1465,0.1
0.0622,1.5821,0.4808,0,0.0187,0.073,0.1
0.2688,1.6187,0.433,0,0.0806,-0.0424,0.1
0.3977,1.6233,0.4391,0,0.1193,-0.1765,0.1
-3.0095,1.8036,0.4865,0,0.0,0.0019,0.1
-2.7971,1.8049,0.4527,0,0.0,0.1538,0.1
-2.6591,1.8019,0.4346,0,0.0,0.178,0.1
-2.4822,1.81,0.4689,0,0.0,-0.0825,0.1
-2.2518,1.778,0.4897,0,0.0,0.1989,0.1
-2.1163,1.7808,0.4827,0,0.0,0.0828,0.1
-1.915,1.7836,0.4339,0,0.0,-0.1947,0.1
-1.7265,1.7876,0.4353,0,0.0,-0.1081,0.1
-1.5542,1.8096,0.4793,0,0.0,0.0078,0.1
-1.3574,1.8193,0.4723,0,0.0,-0.093,0.1
-1.1762,1.8029,0.454,0,0.0,-0.1669,0.1
-1.0221,1.7751,0.4816,0,0.0,-0.0647,0.1
-0.8576,1.7875,0.4859,0,0.0,-0.1505,0.1
-0.6783,1.7917,0.4533,0,0.0,-0.1515,0.1
-0.4975,1.8191,0.4466,0,0.0,0.027,0.1
-0.3221,1.8,0.4426,0,0.0,-0.0446,0.1
-0.148,1.7974,0.4737,0,0.0,-0.1423,0.1
0.0752,1.793,0.441,0,0.0225,-0.0759,0.1
0.2511,1.807,0.4456,0,0.0753,-0.0659,0.1
0.4317,1.788,0.4607,0,0.1295,0.0675,0.1
0.7473,0.7296,2.0463,1,0.5753,0.0512,0.5021
0.2961,0.7844,1.5558,1,1.4744,-0.0951,0.6393
3.1746,1.3933,1.5804,1,1.0321,0.1853,0.7909
-2.0706,0.6858,1.392,1,0.9197,-0.307,0.4136
-2.938,0.6466,2.061,1,0.6977,0.3146,0.4341
2.5059,1.5926,1.678,1,0.7475,0.423,0.7898
0.3739,-1.0375,1.9858,1,1.2006,-0.3575,0.7502
3.8403,-0.2608,1.3546,1,1.177,0.4528,0.9647
-1.4778,1.0564,1.5163,1,0.9262,0.446,0.4861
-1.6949,1.0491,1.5786,1,1.1344,0.2903,0.5619
1.6742,-0.3855,1.9531,1,0.923,-0.3635,0.2454
1.074,-1.4999,1.9242,1,1.2118,-0.2697,0.7192
2.9279,-1.5988,1.6191,1,0.6566,-0.5953,0.885
0.6872,-1.4788,1.6648,1,1.0209,-0.2642,0.6423
2.8571,0.0986,1.3173,1,0.7769,-0.3735,0.8666
-0.0525,1.9175,1.5381,1,0.6914,-0.0846,0.9109
2.3909,-0.4469,1.2005,1,0.9207,-0.4075,0.2298
3.3552,-0.2141,1.8215,1,0.8908,-0.2752,0.7357
-0.2725,-1.4824,1.3187,1,0.6267,-0.3408,0.9643
-0.5437,-1.857,1.7887,1,0.5076,0.5457,0.8861
1.2874,-1.8422,1.8373,1,0.6614,0.0146,0.7477
-1.3764,-1.387,1.64,1,1.1598,0.3804,0.8557
2.1225,-1.5147,1.6439,1,0.7277,-0.2184,0.5667
2.0979,-0.5256,1.5115,1,0.5584,0.1603,0.9392
-1.4496,-0.5643,1.9135,1,1.1902,0.0555,0.8793
0.8222,-1.2439,1.298,1,1.3219,0.4349,0.5972
0.7663,0.1547,1.2598,1,1.2283,-0.0274,0.7912
-0.6883,1.1661,2.1833,1,0.9218,0.5058,0.3196
2.948,0.1608,1.9794,1,0.5221,0.4068,0.3684
-0.7201,-1.2122,1.4776,1,1.4375,-0.1321,0.676
1.1635,0.6461,2.0135,1,0.5347,-0.263,0.4462
1.1554,-1.64,1.5958,1,0.6717,-0.2705,0.3537
-2.5477,1.4122,1.662,1,0.8566,-0.2478,0.8151
-1.0116,1.8767,1.6676,1,1.3023,-0.3239,0.3671
3.3357,1.8478,2.0598,1,1.3905,0.295,0.6437
1.9587,1.4465,2.1507,1,1.124,0.5711,0.7832
0.1475,-0.2621,1.3381,1,0.8521,0.3471,0.8995
-1.5517,-0.0356,2.1292,1,0.5968,0.0043,0.2184
3.3422,-1.8415,1.6651,1,1.3837,0.3019,0.6292
1.8813,-0.9142,1.2891,1,0.9023,0.0116,0.6859
1.2949,1.4024,2.0707,1,1.4744,0.4983,0.7678
1.7339,0.5245,2.0427,1,0.8372,0.1671,0.4004
2.4881,-0.6176,1.6099,1,0.8629,0.5963,0.2918
3.7296,-0.397,1.7898,1,1.262,0.5662,0.3809
2.0878,1.7204,1.7239,1,0.6599,-0.0948,0.69
-2.2321,0.8416,1.9217,1,0.7201,0.4339,0.2922
3.659,-1.1454,1.2284,1,1.0391,0.5827,0.3744
0.9412,-0.4974,1.6333,1,1.2866,0.5477,0.2779
-0.3034,-1.1157,1.4906,1,0.9154,0.2157,0.6004
-1.8467,-0.2478,1.4366,1,1.1416,0.4187,0.2328
2.6746,-0.8249,1.8548,1,0.8804,-0.1384,0.6034
3.4141,0.9985,1.465,1,0.7487,0.0648,0.8115
-2.4125,-1.4101,1.369,1,1.0849,0.3748,0.8194
-0.0874,0.2254,1.7436,1,1.3297,-0.5523,0.783
0.976,-1.8702,1.5092,1,1.3426,-0.073,0.7422
-0.9487,0.6239,1.8668,1,1.3867,-0.5565,0.8444
3.3596,1.7928,1.6303,1,0.6577,-0.3312,0.7117
3.5134,-0.8413,2.1084,1,1.3466,0.3219,0.4938
-0.7422,-1.1953,1.3146,1,0.926,0.567,0.7933
0.7368,-0.8953,1.6947,1,0.8432,-0.1085,0.56
-2.7246,0.5843,1.5557,1,1.0724,-0.1955,0.7513
3.8223,1.034,1.4836,1,0.9761,0.3642,0.8023
2.6575,0.9381,1.4241,1,0.5004,-0.309,0.4859
0.4119,1.9172,1.9389,1,0.57,0.2794,0.2811
-1.4065,-1.0418,2.1101,1,0.656,-0.3313,0.7348
0.741,1.0506,1.6599,1,0.706,-0.4585,0.8748
3.0538,0.3317,1.9593,1,0.6067,-0.3502,0.8004
-1.9988,-0.4117,1.2582,1,1.2685,-0.5585,0.2764
2.8636,-1.5177,2.036,1,0.7493,-0.3169,0.3033
3.0705,-0.6415,1.41,1,1.0062,-0.3434,0.5258
-0.6509,0.6568,1.2967,1,1.3149,0.1063,0.6213
3.126,-1.5379,1.5097,1,0.6691,-0.3839,0.6176
1.4564,1.4326,1.7092,1,1.1685,-0.2792,0.4775
2.9008,0.2232,1.5049,1,0.9737,-0.2623,0.3613
2.1352,-1.1842,1.6394,1,0.5257,-0.3164,0.4234
-1.5084,0.9763,1.7846,1,1.3034,-0.3477,0.633
-2.0593,-0.2468,1.3722,1,1.1038,0.1994,0.5321
0.4935,0.2709,1.7841,1,0.9466,-0.1224,0.9775
2.4807,0.961,1.8127,1,1.4298,0.4912,0.7295
-2.6839,0.3262,2.0249,1,0.8359,-0.1949,0.4407
0.366,-0.5817,1.6889,1,0.9262,-0.5456,0.6714
1.3552,-1.7634,2.1073,1,1.0814,-0.0716,0.9785
-2.8744,-0.3145,2.1096,1,0.692,0.3288,0.4165
3.5059,1.208,1.2247,1,1.2591,0.5486,0.5743
0.5269,-1.9486,2.1394,1,1.1418,0.228,0.4454
-0.8274,1.0511,1.9961,1,1.4894,-0.1408,0.6112
-0.1694,0.9095,2.1759,1,1.0523,-0.426,0.711
1.6767,-0.5661,1.902,1,0.6655,-0.3987,0.4456
3.2174,0.3578,1.864,1,0.8974,0.0155,0.8491
-1.0053,-1.6283,2.0134,1,1.2972,-0.0192,0.5591
-1.1454,-0.0103,1.2669,1,1.3952,0.4473,0.6501
2.4651,0.4079,1.9923,1,0.756,-0.4136,0.836
-0.0364,-0.0898,2.1853,1,1.2142,0.4491,0.3032
1.5531,1.3586,1.8643,1,1.2929,-0.1495,0.2391
0.7342,1.9718,2.0196,1,0.8559,-0.026,0.6051
3.1094,-1.2418,1.5637,1,1.2623,0.1701,0.271
3.8052,0.8425,2.1457,1,1.3449,0.5522,0.7293
-0.6459,-0.4561,1.5595,1,0.8129,0.2514,0.8749
-0.7846,1.3175,2.1213,1,0.7133,-0.316,0.5807
0.0277,-1.4675,1.6628,1,0.6243,0.3314,0.5346
-2.0164,1.0116,1.4085,1,1.4362,0.1766,0.7142
1.3655,-1.1318,2.0493,1,1.1872,0.4185,0.7574
-0.5451,-1.3929,1.9502,1,0.6492,-0.0896,0.8906
3.8464,0.8819,1.8681,1,1.2664,0.2179,0.6814
-0.4477,0.0793,1.6664,1,0.8069,0.4382,0.6425
1.6732,-1.9323,1.4944,1,1.0218,-0.3148,0.2875
-1.2608,-0.2929,2.0999,1,1.4435,0.5666,0.4792
1.9185,0.2262,1.9067,1,0.677,-0.3455,0.6607
-1.6359,-0.9297,1.7457,1,1.1102,0.4103,0.7319
3.1195,0.878,1.3752,1,0.9238,0.5283,0.8244
-0.7803,0.5012,1.9483,1,0.6346,0.1975,0.2143
0.0039,0.5517,1.2226,1,0.6825,-0.2451,0.4832
3.8155,0.3197,1.63,1,1.3075,-0.2682,0.5045
-0.644,0.9045,2.1842,1,1.1511,-0.2001,0.3825
-0.347,1.6853,1.3454,1,0.5803,-0.4516,0.9073
-1.0254,0.5928,1.9066,1,1.4819,0.3165,0.6855
3.1025,-0.1826,2.1785,1,1.4032,-0.1126,0.926
1.5446,0.0577,1.5908,1,0.9374,-0.1313,0.6212
-0.9757,1.529,2.0999,1,1.2137,-0.0682,0.5936
-2.1401,1.5093,1.5465,1,0.6102,-0.2157,0.6557
-2.91,1.7163,1.3217,1,0.9231,-0.009,0.7464
-2.8499,1.1329,1.7198,1,0.8879,0.2297,0.5373
2.8301,-0.5094,1.869,1,1.1557,0.2178,0.2634
0.5928,0.6068,2.1978,1,1.2575,-0.4983,0.3936
3.7864,1.015,1.3911,1,1.0312,0.371,0.559
1.7303,-1.9978,1.6422,1,1.1712,-0.4642,0.4007
2.5849,1.4012,1.64,1,1.148,-0.0356,0.449
2.1499,0.4149,1.4455,1,0.6185,-0.347,0.4122
2.754,1.9296,1.4954,1,1.1336,-0.2682,0.3566
2.469,-0.378,1.4061,1,0.5364,0.4879,0.5218
-0.6808,1.1713,2.1199,1,1.3537,-0.0923,0.6385
-0.6222,1.2017,1.9021,1,0.6234,0.5899,0.5468
-1.5735,0.9736,1.5446,1,0.5211,-0.5529,0.7206
0.8467,-0.0926,1.9651,1,0.5732,-0.5548,0.775
-1.64,-0.3379,1.3809,1,0.63,0.5103,0.8895
2.242,0.5125,1.7036,1,0.9835,-0.0585,0.5979
0.1809,-1.6704,1.3202,1,0.9522,-0.3798,0.289
0.3559,1.4387,2.1208,1,0.9134,-0.3692,0.6448
2.8255,1.6278,1.6635,1,1.1313,-0.5156,0.8433
-2.131,1.2504,1.2805,1,0.5807,0.4353,0.237
3.707,-1.5016,1.2051,1,0.5323,-0.4796,0.2444
2.6097,1.0904,1.9688,1,0.9139,0.399,0.8404
3.6129,1.8831,1.5503,1,0.7658,-0.4636,0.9047
2.1491,1.3051,1.3266,1,0.7982,-0.4301,0.799
-0.1078,1.5707,2.1647,1,1.2572,-0.3088,0.9632
-1.9756,-1.5998,1.9555,1,0.9908,-0.037,0.4588
-2.6486,1.3857,1.7696,1,1.1691,-0.5579,0.7188
2.1115,-1.2005,2.0666,1,0.5471,-0.1454,0.8982
-2.259,0.1362,1.7492,1,0.5437,0.5272,0.7184
0.9597,-1.8064,2.0803,1,1.3569,-0.1759,0.6692
-2.8245,-1.3602,1.3053,1,1.1532,0.5457,0.2115
0.6265,0.3194,1.3902,1,0.5214,0.1012,0.6562
2.2725,0.4051,1.2253,1,1.4872,-0.1517,0.8706
-2.4701,-0.5194,1.2582,1,1.1408,0.0719,0.6615
-0.0526,1.7673,1.864,1,1.0689,0.5552,0.8803
2.4851,-0.2782,1.7992,1,1.3384,-0.2824,0.7934
1.6369,-1.4791,1.5498,1,1.4841,0.3059,0.9037
-2.9565,0.528,1.2836,1,1.1597,-0.5599,0.5495
2.6694,-1.3496,1.5106,1,0.9919,-0.3464,0.8377
3.0423,1.5819,1.5344,1,0.6667,-0.4055,0.7082
-2.7722,1.3211,1.8529,1,0.8707,-0.224,0.2199
0.7006,1.9817,1.4022,1,0.8512,0.4601,0.4229
1.8043,-0.0105,2.0056,1,1.3084,0.5417,0.8126
-1.6951,1.1154,1.8738,1,1.2669,0.2986,0.7227
2.0681,-1.0001,2.0696,1,1.2818,-0.4097,0.7283
-2.315,0.476,1.9642,1,1.3139,-0.1932,0.6941
1.6871,1.9817,2.1249,1,1.4671,-0.1838,0.282
3.1303,-1.3547,1.9201,1,1.0451,-0.4385,0.2033
-1.8232,-0.3704,1.9308,1,1.0212,-0.0023,0.5588
2.6469,-0.8049,1.5803,1,1.2623,0.3788,0.5898
-1.7347,-0.146,1.3689,1,1.2293,0.3495,0.9784
3.0441,-0.6605,1.9834,1,1.0775,-0.4185,0.4345
3.5259,-1.1533,1.2486,1,0.951,-0.33,0.468
-1.9232,0.6228,1.5172,1,1.0652,-0.3693,0.2053
1.2445,0.6797,1.3476,1,0.6499,-0.0991,0.4675
-0.281,-1.3523,1.6771,1,1.1447,0.3538,0.6376
-0.718,-0.3154,1.8601,1,0.8151,0.2974,0.3546
1.3754,-1.5503,1.2005,1,0.7565,0.44,0.6914
0.8176,-1.7802,2.185,1,1.198,-0.363,0.8988
0.73,1.1801,1.6877,1,0.5556,-0.5667,0.5976
1.647,1.0087,1.827,1,0.5352,0.367,0.3292
-1.229,1.6135,1.995,1,0.5307,-0.4917,0.2164
2.5307,1.7947,1.4348,1,0.8776,-0.3969,0.2934
3.1878,0.1834,1.3749,1,1.2638,-0.2596,0.3218
-0.7963,-0.7254,1.8629,1,0.8456,0.3631,0.9152
2.7976,-1.3512,1.4381,1,1.4464,-0.3102,0.6453
2.7173,0.1963,1.5268,1,0.8338,0.0402,0.9578
1.3104,-1.6259,2.0912,1,0.5659,0.4521,0.376
1.4064,0.2592,1.3271,1,1.481,-0.4813,0.3937
-2.0367,0.1872,1.69,1,0.5842,0.1918,0.9358
3.7582,-1.7605,1.225,1,0.943,-0.496,0.321
-2.2718,-0.0939,1.5706,1,1.1769,-0.2354,0.2677
-2.2478,1.8528,1.3474,1,1.4806,0.4153,0.3925
1.3936,1.7811,1.5773,1,0.6273,-0.0497,0.9137
-0.1469,1.5207,2.0094,1,0.6965,0.2907,0.2439
-2.4312,1.1657,1.5063,1,1.2466,-0.3902,0.8187
3.6038,-0.2505,1.6669,1,0.7243,0.4921,0.4744
1.5692,-0.2105,1.2799,1,0.7714,0.4631,0.3785
-0.9311,1.6403,1.5349,1,0.5182,0.2944,0.6302
1.3696,-0.3598,1.5044,1,0.642,-0.4671,0.9244
3.4945,-1.9045,1.3786,1,0.6924,-0.1803,0.8491
1.9003,0.1116,1.7662,1,0.7917,-0.0707,0.5247
1.3924,0.4146,1.3045,1,0.8623,0.0846,0.9696
-0.219,-0.0901,1.8613,1,0.9095,-0.3481,0.5133
1.7774,-0.4291,2.1965,1,0.855,-0.5163,0.4561
3.0387,1.5746,1.8543,1,1.1012,0.3134,0.5233
0.7562,-0.7663,1.4645,1,1.2136,-0.561,0.594
-1.1657,1.8761,1.7719,1,0.8551,0.423,0.3648
-2.2768,1.5894,1.7627,1,0.8921,-0.3469,0.7102
3.2774,1.6271,1.8198,1,0.6251,-0.5542,0.8394
0.3452,1.7044,1.6213,1,1.1254,-0.4712,0.8271
0.567,0.0769,1.8886,1,0.808,0.1155,0.9387
-0.877,1.0666,1.3969,1,0.7348,-0.1701,0.209
-1.9446,-1.4152,1.3567,1,0.7612,0.4145,0.279
-1.9208,1.3415,1.3237,1,1.331,0.1832,0.4974
0.9963,0.1054,1.467,1,1.1863,0.472,0.9427
2.1438,1.8925,1.8337,1,1.3203,-0.2686,0.3203
1.3227,1.7688,2.1094,1,0.5893,-0.1693,0.2385
1.2939,1.1487,1.5276,1,1.4102,0.1568,0.2188
-2.9253,-1.9408,1.8722,1,1.2925,-0.1495,0.6707
-0.651,-0.3217,1.7874,1,1.0249,-0.1519,0.9557
0.0803,-1.6417,1.3603,1,1.1927,0.0369,0.4675
-1.2142,-0.0327,2.0369,1,1.3852,0.3398,0.6936
-1.828,0.8984,1.232,1,1.1465,0.409,0.2547
2.8312,1.7185,1.8901,1,0.9599,0.4621,0.266
3.9155,1.5413,1.8748,1,1.0496,-0.546,0.2386
0.8598,-1.1602,1.8525,1,0.6682,0.0048,0.5278
-1.1202,0.6491,1.5268,1,1.2813,0.1133,0.6249
2.357,0.7213,1.2784,1,1.3156,0.2608,0.5662
-2.1633,-0.1847,2.0873,1,1.0582,0.1784,0.784
-0.7932,-0.8248,1.6764,1,1.2359,0.0071,0.7077
-0.65,1.4683,2.0047,1,1.4275,0.5875,0.3192
3.5485,-1.4314,1.6739,1,1.0013,0.483,0.2098
1.5452,-0.9018,1.2383,1,1.4255,0.1183,0.2331
-0.4407,0.7792,1.5537,1,1.0102,0.4645,0.5431
-0.9359,-0.9881,1.5516,1,0.6803,-0.1633,0.7418
-0.7385,0.3913,1.3412,1,0.6157,-0.3141,0.4159
-2.4272,-0.6124,1.7412,1,1.4896,-0.2208,0.9471
0.4862,-1.3097,1.5974,1,0.6497,-0.2493,0.2052
-1.3694,-0.4693,1.6034,1,0.7419,0.1485,0.2873
-0.0738,-1.4784,1.6237,1,0.5184,0.2148,0.2937
-1.5535,1.6195,1.4723,1,0.5511,-0.3206,0.6595
1.4256,-0.1488,1.7848,1,1.4629,-0.3234,0.8162
-1.3357,0.892,1.2681,1,1.4211,0.553,0.8946
-0.8019,0.2404,1.6959,1,1.356,-0.4142,0.8543
-0.6574,0.8943,1.568,1,1.0951,0.5033,0.9755
3.4765,-1.9308,1.6743,1,1.3365,-0.2708,0.3231
-0.6694,0.8958,1.2542,1,0.9852,-0.2273,0.8834
3.0433,1.2844,1.9398,1,1.3997,0.5434,0.5115
-1.8046,-0.6192,1.9477,1,0.7322,0.3825,0.9537
2.1671,1.8943,1.7193,1,0.5336,-0.0729,0.9944
-1.9919,-0.0741,1.525,1,0.7231,-0.4266,0.931
-1.3758,1.3431,1.8435,1,1.2953,0.3384,0.2272
-0.2535,1.0557,1.3578,1,1.2761,-0.3221,0.8898
2.9718,-1.3971,1.8463,1,0.8671,-0.5507,0.7685
-0.8967,-1.917,1.7644,1,0.5435,0.2121,0.7053
-0.1414,1.2538,1.6716,1,0.5916,0.4422,0.2981
-0.0376,-0.6136,1.7608,1,0.9968,0.5773,0.6982
-2.9999,1.7438,1.4168,1,1.2674,-0.3723,0.9731
2.8843,0.7513,1.2452,1,1.1308,-0.3421,0.6191
2.2775,-0.4189,1.5607,1,1.3259,0.3847,0.3401
2.0658,1.4308,1.5901,1,1.2836,-0.5044,0.3024
0.5237,-0.842,1.7065,1,0.902,-0.3977,0.2147
-1.4174,-0.7456,1.9787,1,0.7959,-0.5448,0.4372
1.0326,-0.0658,1.8637,1,1.4716,-0.3064,0.6015
3.5303,1.1721,1.2209,1,0.5351,-0.2808,0.7663
-2.7643,1.2639,2.139,1,0.9496,0.2974,0.264
3.5773,1.5713,1.2342,1,1.2505,-0.2184,0.7513
-2.2506,-1.173,2.1661,1,1.3038,0.2985,0.8969
-2.3661,-0.9245,1.8404,1,1.1919,0.5718,0.4341
1.2868,-1.1174,1.3634,1,1.2179,-0.3287,0.3173
-2.5488,-1.9199,1.7707,1,0.7783,-0.1938,0.3318
2.8725,1.3388,1.4462,1,1.0429,0.2262,0.6929
-1.9159,1.9624,2.0523,1,1.4372,0.328,0.446
-2.2073,1.0327,2.0923,1,1.3651,0.2587,0.775
-0.24,-0.4493,1.2271,1,0.8464,0.0788,0.8565
-0.7431,0.4399,1.6177,1,1.0154,-0.1799,0.9886
0.2579,-1.1946,1.4669,1,1.4488,0.5967,0.8702
1.8386,1.6204,2.1295,1,1.2124,-0.1561,0.5726
1.2934,-0.3676,1.6991,1,1.0626,0.3278,0.5695
3.5418,-1.9486,1.9218,1,1.3671,-0.2279,0.6206
3.2999,0.4421,1.9021,1,1.3527,0.5791,0.5571
3.9947,-0.6369,1.8215,1,0.6356,-0.569,0.8591
1.3746,-1.4287,1.7669,1,1.0844,0.273,0.8368
-0.607,0.4647,1.3196,1,1.1498,0.5412,0.3748
-1.6472,1.506,1.5446,1,0.6607,0.3564,0.8994
1.6539,1.0879,2.0418,1,1.1852,-0.1049,0.5931
1.8642,-0.2645,2.0125,1,0.6327,0.2062,0.7595
1.7262,1.3481,1.9535,1,0.5318,0.239,0.9069
2.5706,1.3861,1.2567,1,0.5468,0.2902,0.6143
0.215,1.6471,1.2837,1,1.0652,0.2377,0.6947
-0.7501,1.8504,2.1264,1,1.4365,-0.0151,0.6553
-2.399,1.154,2.0149,1,1.0916,-0.4023,0.6247
-0.003,-0.79,2.0479,1,0.5506,0.2671,0.9739
1.4252,-0.5163,1.3171,1,0.6013,-0.3478,0.7138
2.8406,0.3659,1.8886,1,1.4622,0.4273,0.5429
0.7499,-0.904,1.2021,1,1.3998,0.21,0.5917
0.7684,-1.0724,2.1503,1,1.3147,0.4104,0.2938
0.3962,1.0062,1.7633,1,1.058,-0.1554,0.2225
-0.4644,1.7535,1.6117,1,0.7315,0.3142,0.6509
